City_ID,City,Country,Date,Lat,Lng,Max Temp,Humidity,Cloudiness,Wind Speed
0,Cherskiy,RU,2021-07-25 20:19:52,68.75,161.3,45.93,63,23,7.2
1,Bellevue,US,2021-07-25 20:22:15,47.6104,-122.2007,86.18,50,1,5.01
2,Barrow,US,2021-07-25 20:23:29,71.2906,-156.7887,44.62,92,90,12.66
3,Kapaa,US,2021-07-25 20:21:51,22.0752,-159.319,82.72,79,75,1.99
4,Husavik,IS,2021-07-25 20:23:29,66.0449,-17.3389,60.71,64,100,6.26
5,Ushuaia,AR,2021-07-25 20:23:29,-54.8,-68.3,37.06,75,40,20.71
6,Shelopugino,RU,2021-07-25 20:23:30,51.6514,117.5599,55.67,98,98,2.89
7,Tiksi,RU,2021-07-25 20:23:30,71.6872,128.8694,48.25,81,100,6.38
8,Faanui,PF,2021-07-25 20:22:48,-16.4833,-151.75,78.01,66,0,12.86
9,Tuktoyaktuk,CA,2021-07-25 20:21:25,69.4541,-133.0374,48.2,93,90,17.27
10,Bluff,NZ,2021-07-25 20:23:30,-46.6,168.3333,46.8,87,100,4.81
11,Iskateley,RU,2021-07-25 20:21:13,67.6803,53.1512,40.6,88,50,12.95
12,Nanchang,CN,2021-07-25 20:19:12,28.6833,115.8833,79.38,79,83,3.13
13,Hermanus,ZA,2021-07-25 20:23:31,-34.4187,19.2345,61.9,53,100,9.73
14,Butaritari,KI,2021-07-25 20:23:31,3.0707,172.7902,82.08,74,92,11.12
15,Adrar,MR,2021-07-25 20:23:31,20.5022,-10.0711,100.99,7,17,8.79
16,Port Blair,IN,2021-07-25 20:18:42,11.6667,92.75,82.17,86,100,16.6
17,Sanchor,IN,2021-07-25 20:23:31,24.7553,71.7722,83.77,79,100,15.95
18,Kathu,TH,2021-07-25 20:23:32,7.9178,98.3332,86.7,78,100,13.02
19,Mahebourg,MU,2021-07-25 20:23:32,-20.4081,57.7,70.09,64,20,11.5
20,Tongren,CN,2021-07-25 20:23:32,27.7172,109.1853,73.33,92,1,0.89
21,Ulladulla,AU,2021-07-25 20:20:38,-35.35,150.4667,55.09,63,4,12.55
22,Sisimiut,GL,2021-07-25 20:20:06,66.9395,-53.6735,44.28,78,100,3.8
23,East London,ZA,2021-07-25 20:18:42,-33.0153,27.9116,59.49,46,4,7.78
24,Linhares,BR,2021-07-25 20:23:33,-19.3911,-40.0722,71.8,59,91,6.98
25,Norman Wells,CA,2021-07-25 20:23:33,65.282,-126.8329,69.84,43,40,3.44
26,Codrington,AU,2021-07-25 20:19:53,-38.2667,141.9667,50.04,94,73,14.32
27,Castro,BR,2021-07-25 20:21:21,-24.7911,-50.0119,65.03,61,2,3.85
28,Talnakh,RU,2021-07-25 20:23:33,69.4865,88.3972,55.8,93,100,4.88
29,Dikson,RU,2021-07-25 20:23:07,73.5069,80.5464,39.42,85,100,14.88
30,Punta Arenas,CL,2021-07-25 20:23:33,-53.15,-70.9167,41.11,60,0,14.97
31,Pevek,RU,2021-07-25 20:21:40,69.7008,170.3133,34.88,91,100,8.63
32,Cidreira,BR,2021-07-25 20:23:34,-30.1811,-50.2056,68.14,67,0,10.83
33,Launceston,AU,2021-07-25 20:23:34,-41.45,147.1667,44.8,89,64,3.0
34,Arlit,NE,2021-07-25 20:18:37,18.7369,7.3853,102.31,13,50,4.52
35,Atuona,PF,2021-07-25 20:22:17,-9.8,-139.0333,77.97,69,68,22.95
36,Ilulissat,GL,2021-07-25 20:23:03,69.2167,-51.1,53.62,37,100,9.22
37,Saint-Philippe,RE,2021-07-25 20:23:34,-21.3585,55.7679,69.35,77,36,11.92
38,Parsabad,IR,2021-07-25 20:23:35,39.6482,47.9174,79.12,78,0,9.22
39,Quatre Cocos,MU,2021-07-25 20:19:01,-20.2078,57.7625,69.91,58,53,15.99
40,Beloha,MG,2021-07-25 20:22:28,-25.1667,45.05,62.35,67,61,11.34
41,Whitehorse,CA,2021-07-25 20:23:18,60.7161,-135.0538,67.1,42,75,4.61
42,Busselton,AU,2021-07-25 20:23:35,-33.65,115.3333,58.08,65,8,20.58
43,Albany,US,2021-07-25 20:21:19,42.6001,-73.9662,85.03,75,60,1.99
44,Mataura,NZ,2021-07-25 20:23:35,-46.1927,168.8643,46.47,92,100,3.38
45,Ulagan,RU,2021-07-25 20:23:36,50.6321,87.9563,54.88,92,34,0.78
46,Tigil,RU,2021-07-25 20:23:36,57.8,158.6667,59.7,86,53,6.98
47,Maldonado,UY,2021-07-25 20:23:36,-34.6667,-54.9167,60.19,93,62,10.63
48,Campbell River,CA,2021-07-25 20:23:37,50.0163,-125.2446,77.38,52,20,1.01
49,Ostrovnoy,RU,2021-07-25 20:23:37,68.0531,39.5131,45.79,90,100,16.26
50,Lebu,CL,2021-07-25 20:21:26,-37.6167,-73.65,52.11,88,39,12.1
51,Murom,RU,2021-07-25 20:21:38,55.5656,42.0417,58.24,57,58,5.23
52,Lompoc,US,2021-07-25 20:23:37,34.6391,-120.4579,84.34,66,99,5.01
53,Ancud,CL,2021-07-25 20:23:06,-41.8697,-73.8203,47.73,60,33,10.54
54,Isangel,VU,2021-07-25 20:18:54,-19.55,169.2667,75.0,87,100,12.8
55,Hamilton,US,2021-07-25 20:22:31,39.1834,-84.5333,91.22,67,40,1.99
56,Natal,BR,2021-07-25 20:23:19,-5.795,-35.2094,80.82,69,40,13.8
57,Klaksvik,FO,2021-07-25 20:23:38,62.2266,-6.589,52.72,94,100,10.04
58,Bredasdorp,ZA,2021-07-25 20:21:34,-34.5322,20.0403,45.72,93,100,3.44
59,Rikitea,PF,2021-07-25 20:22:15,-23.1203,-134.9692,70.65,67,38,6.42
60,Marhaura,IN,2021-07-25 20:23:38,25.9667,84.8667,78.73,68,100,5.08
61,Sao Joao Da Barra,BR,2021-07-25 20:22:31,-21.6403,-41.0511,75.29,68,0,15.48
62,Avarua,CK,2021-07-25 20:22:09,-21.2078,-159.775,75.25,88,40,4.61
63,Buchanan,LR,2021-07-25 20:20:45,5.8808,-10.0467,76.96,79,42,7.61
64,Izhma,RU,2021-07-25 20:23:39,65.0083,53.9113,47.08,95,100,4.63
65,Jamestown,US,2021-07-25 20:23:39,42.097,-79.2353,85.32,54,20,9.22
66,Geraldton,AU,2021-07-25 20:22:56,-28.7667,114.6,46.81,93,0,12.66
67,Kulhudhuffushi,MV,2021-07-25 20:23:39,6.6221,73.07,81.84,77,100,18.23
68,Tuatapere,NZ,2021-07-25 20:23:39,-46.1333,167.6833,46.81,95,100,4.74
69,Carnarvon,AU,2021-07-25 20:21:19,-24.8667,113.6333,51.87,74,0,6.91
70,Petropavlovsk-Kamchatskiy,RU,2021-07-25 20:22:58,53.0452,158.6483,59.59,100,20,4.47
71,Oum Hadjer,TD,2021-07-25 20:23:40,13.2954,19.6966,78.62,72,100,5.82
72,Kaitangata,NZ,2021-07-25 20:22:49,-46.2817,169.8464,48.92,73,100,3.02
73,Vaini,TO,2021-07-25 20:21:38,-21.2,-175.2,75.47,83,71,4.83
74,Cape Town,ZA,2021-07-25 20:19:19,-33.9258,18.4232,62.11,53,0,3.44
75,Yar-Sale,RU,2021-07-25 20:23:40,66.8333,70.8333,45.52,84,51,9.1
76,Bethel,US,2021-07-25 20:23:40,41.3712,-73.414,82.36,79,75,5.75
77,Ganta,LR,2021-07-25 20:23:41,7.3022,-8.5308,72.21,85,93,2.37
78,Chokurdakh,RU,2021-07-25 20:22:30,70.6333,147.9167,41.11,67,1,9.71
79,Ponta Do Sol,PT,2021-07-25 20:23:41,32.6667,-17.1,79.0,82,1,4.38
80,Port Elizabeth,ZA,2021-07-25 20:22:13,-33.918,25.5701,52.09,82,40,5.75
81,Pisco,PE,2021-07-25 20:21:30,-13.7,-76.2167,66.25,72,0,9.22
82,Lasa,IT,2021-07-25 20:23:41,46.6166,10.7002,62.02,89,67,2.28
83,Gigmoto,PH,2021-07-25 20:23:41,13.7796,124.39,80.78,86,100,10.16
84,Riyadh,SA,2021-07-25 20:19:25,24.6877,46.7219,96.94,15,0,6.76
85,Sao Gabriel Da Cachoeira,BR,2021-07-25 20:23:42,-0.1303,-67.0892,82.2,83,40,6.91
86,Port Said,EG,2021-07-25 20:23:42,31.2565,32.2841,80.58,74,40,11.5
87,Lillooet,CA,2021-07-25 20:23:42,50.6856,-121.942,81.32,28,12,5.41
88,Kununurra,AU,2021-07-25 20:22:41,-15.7667,128.7333,58.98,82,99,3.44
89,Port Washington,US,2021-07-25 20:23:43,40.8257,-73.6982,86.95,76,75,3.0
90,Praia,CV,2021-07-25 20:22:23,14.9215,-23.5087,77.54,65,40,12.66
91,Arraial Do Cabo,BR,2021-07-25 20:23:28,-22.9661,-42.0278,73.36,68,0,18.41
92,Bonthe,SL,2021-07-25 20:23:43,7.5264,-12.505,76.95,80,100,7.25
93,Provideniya,RU,2021-07-25 20:22:10,64.3833,-173.3,46.51,100,90,6.71
94,Longyearbyen,SJ,2021-07-25 20:21:04,78.2186,15.6401,44.44,87,75,11.5
95,Katsuura,JP,2021-07-25 20:21:23,35.1333,140.3,80.11,83,56,12.08
96,Malakal,SS,2021-07-25 20:18:50,9.5334,31.6605,69.78,97,100,6.73
97,Kirakira,SB,2021-07-25 20:23:26,-10.4544,161.9205,78.89,82,86,8.12
98,La Ronge,CA,2021-07-25 20:23:44,55.1001,-105.2842,71.82,46,75,9.22
99,Masvingo,ZW,2021-07-25 20:23:44,-20.0637,30.8277,45.5,69,8,4.12
100,Abu Dhabi,AE,2021-07-25 20:21:34,24.4667,54.3667,100.51,63,86,0.0
101,Qaqortoq,GL,2021-07-25 20:23:44,60.7167,-46.0333,59.5,66,60,5.82
102,Hobart,AU,2021-07-25 20:20:07,-42.8794,147.3294,44.22,71,20,1.99
103,Nishihara,JP,2021-07-25 20:23:44,26.1842,127.7558,80.26,94,75,13.8
104,Suhbaatar,MN,2021-07-25 20:23:45,50.2314,106.2078,58.73,76,3,5.55
105,Caconda,AO,2021-07-25 20:23:45,-13.7333,15.0667,59.38,30,0,3.38
106,Los Llanos De Aridane,ES,2021-07-25 20:23:45,28.6585,-17.9182,69.55,78,20,16.11
107,Kagadi,UG,2021-07-25 20:23:45,0.9606,30.7967,71.01,49,100,4.12
108,Kapit,MY,2021-07-25 20:23:46,2.0167,112.9333,74.43,99,97,0.6
109,Hilo,US,2021-07-25 20:22:50,19.7297,-155.09,82.8,85,90,4.61
110,Arman,RU,2021-07-25 20:23:46,59.7,150.1667,53.47,99,100,5.7
111,Iquitos,PE,2021-07-25 20:23:32,-3.7481,-73.2472,75.24,88,75,8.05
112,Puerto Ayora,EC,2021-07-25 20:21:27,-0.7393,-90.3518,80.56,82,35,10.0
113,Mackay,AU,2021-07-25 20:23:46,-21.15,149.2,58.62,50,8,8.57
114,Aleppo,SY,2021-07-25 20:23:47,36.25,37.5,84.07,42,0,10.31
115,Gedo,ET,2021-07-25 20:23:47,9.0167,37.45,51.28,98,100,2.19
116,Yellowknife,CA,2021-07-25 20:23:47,62.456,-114.3525,63.32,51,20,3.0
117,Kodiak,US,2021-07-25 20:23:47,57.79,-152.4072,51.31,87,90,5.75
118,Hithadhoo,MV,2021-07-25 20:23:48,-0.6,73.0833,80.6,75,87,4.0
119,Bandarbeyla,SO,2021-07-25 20:23:48,9.4942,50.8122,76.3,79,0,26.19
120,Prince Rupert,CA,2021-07-25 20:22:17,54.3161,-130.3201,62.29,80,90,4.61
121,Nanortalik,GL,2021-07-25 20:22:28,60.1432,-45.2371,45.12,73,100,13.76
122,Wonthaggi,AU,2021-07-25 20:23:48,-38.6044,145.5913,53.38,82,67,20.45
123,Eyl,SO,2021-07-25 20:23:48,7.9803,49.8164,77.2,70,4,21.63
124,Popondetta,PG,2021-07-25 20:20:07,-8.7537,148.2534,72.19,97,100,1.81
125,Torbay,CA,2021-07-25 20:22:56,47.6666,-52.7314,62.28,87,75,10.36
126,Hobyo,SO,2021-07-25 20:20:27,5.3505,48.5268,76.66,75,29,24.96
127,Onega,RU,2021-07-25 20:23:49,63.9061,38.1404,53.87,85,89,3.47
128,Gat,IL,2021-07-25 20:22:01,31.61,34.7642,82.81,78,1,7.27
129,Mareeba,AU,2021-07-25 20:23:49,-17.0,145.4333,59.72,85,100,2.28
130,Narsaq,GL,2021-07-25 20:23:49,60.9167,-46.05,59.22,53,42,4.36
131,Malabo,GQ,2021-07-25 20:23:50,3.75,8.7833,76.86,88,20,5.75
132,Sterling,US,2021-07-25 20:21:41,39.0062,-77.4286,92.39,61,75,1.99
133,Richards Bay,ZA,2021-07-25 20:23:50,-28.783,32.0377,57.54,83,0,6.87
134,Tasiilaq,GL,2021-07-25 20:21:50,65.6145,-37.6368,48.36,85,50,5.26
135,Salym,RU,2021-07-25 20:23:50,60.0625,71.4789,54.0,91,100,8.3
136,Kavieng,PG,2021-07-25 20:23:51,-2.5744,150.7967,81.0,76,93,3.51
137,Weligama,LK,2021-07-25 20:23:51,5.9667,80.4167,77.95,86,99,11.54
138,Dingle,PH,2021-07-25 20:23:51,10.9995,122.6711,77.14,89,34,9.69
139,Krasnoselkup,RU,2021-07-25 20:23:51,65.7,82.4667,53.89,91,48,6.04
140,Innisfail,AU,2021-07-25 20:23:52,-17.5333,146.0333,63.21,74,100,4.92
141,Anloga,GH,2021-07-25 20:23:52,5.7947,0.8973,77.22,80,10,14.29
142,Ereymentau,KZ,2021-07-25 20:23:52,51.6199,73.1033,63.73,84,9,13.98
143,Ca Mau,VN,2021-07-25 20:21:09,9.1769,105.15,77.58,89,100,4.23
144,Esperance,AU,2021-07-25 20:23:52,-33.8667,121.9,52.84,86,2,17.6
145,Puerto Carreno,CO,2021-07-25 20:18:56,6.189,-67.4859,85.21,62,98,2.84
146,Praia Da Vitoria,PT,2021-07-25 20:20:14,38.7333,-27.0667,73.76,94,75,11.81
147,Bathsheba,BB,2021-07-25 20:23:53,13.2167,-59.5167,84.81,79,20,11.5
148,Alta Floresta,BR,2021-07-25 20:23:53,-9.8756,-56.0861,93.02,31,20,2.3
149,Vila,PT,2021-07-25 20:23:53,42.0304,-8.1588,61.74,85,18,3.44
150,Victoria,HK,2021-07-25 20:21:23,22.2855,114.1577,86.38,84,16,1.99
151,Koplik,AL,2021-07-25 20:23:53,42.2136,19.4364,82.0,48,7,4.52
152,Moron,AR,2021-07-25 20:23:54,-34.6534,-58.6198,58.75,97,96,5.01
153,Schruns,AT,2021-07-25 20:23:54,47.0709,9.9475,55.56,91,90,0.07
154,Khatanga,RU,2021-07-25 20:23:54,71.9667,102.5,48.83,87,43,6.46
155,New Norfolk,AU,2021-07-25 20:23:54,-42.7826,147.0587,43.88,68,47,3.0
156,Souillac,MU,2021-07-25 20:22:54,-20.5167,57.5167,70.18,64,20,11.5
157,Lewiston,US,2021-07-25 20:23:55,44.1003,-70.2148,73.81,95,90,5.75
158,Camden,US,2021-07-25 20:23:55,39.7835,-74.9663,88.86,68,28,1.99
159,Baghdad,IQ,2021-07-25 20:22:15,33.3406,44.4009,96.71,23,0,6.91
160,Ulaanbaatar,MN,2021-07-25 20:23:55,47.9077,106.8832,59.13,82,40,2.24
161,Rabo De Peixe,PT,2021-07-25 20:23:56,37.8,-25.5833,71.11,78,40,6.91
162,Mar Del Plata,AR,2021-07-25 20:22:29,-38.0023,-57.5575,53.62,58,90,5.99
163,Abu Kamal,SY,2021-07-25 20:23:56,34.4506,40.9171,96.87,20,0,9.1
164,Tabuk,PH,2021-07-25 20:23:56,17.4189,121.4443,77.79,77,100,2.57
165,Bubaque,GW,2021-07-25 20:23:56,11.2833,-15.8333,79.41,81,100,9.55
166,Ribeira Grande,PT,2021-07-25 20:21:53,38.5167,-28.7,73.8,78,20,16.11
167,Champerico,GT,2021-07-25 20:23:29,14.3,-91.9167,93.74,71,39,7.9
168,Upernavik,GL,2021-07-25 20:22:39,72.7868,-56.1549,41.25,81,12,13.24
169,Karatuzskoye,RU,2021-07-25 20:23:57,53.6072,92.8667,62.51,95,79,3.06
170,Demak,ID,2021-07-25 20:23:57,-6.8909,110.6396,71.44,77,0,7.52
171,Sinjar,IQ,2021-07-25 20:23:57,36.3209,41.8754,94.37,21,0,11.3
172,Namatanai,PG,2021-07-25 20:23:57,-3.6667,152.4333,78.44,84,95,1.72
173,Brae,GB,2021-07-25 20:23:58,60.3964,-1.353,57.11,81,5,4.0
174,Gorontalo,ID,2021-07-25 20:22:13,0.5412,123.0595,74.26,95,58,3.09
175,Coari,BR,2021-07-25 20:23:58,-4.085,-63.1414,93.36,36,68,3.62
176,Avera,US,2021-07-25 20:23:58,33.194,-82.5271,91.9,50,84,4.41
177,Jiujiang,CN,2021-07-25 20:23:58,29.7333,115.9833,78.17,84,99,6.42
178,Namibe,AO,2021-07-25 20:22:52,-15.1961,12.1522,66.6,87,0,4.92
179,Kolda,SN,2021-07-25 20:23:59,12.8833,-14.95,77.5,84,100,5.99
180,Korla,CN,2021-07-25 20:19:17,41.7597,86.1469,86.58,13,0,8.01
181,Kizukuri,JP,2021-07-25 20:23:59,40.8061,140.3861,75.11,80,24,6.17
182,Farah,AF,2021-07-25 20:23:59,32.5,62.5,89.69,12,3,4.38
183,Ozernovskiy,RU,2021-07-25 20:23:15,51.5,156.5167,53.73,99,100,1.57
184,Chemal,RU,2021-07-25 20:24:00,51.4111,86.005,59.83,94,2,5.48
185,Iqaluit,CA,2021-07-25 20:24:00,63.7506,-68.5145,51.53,87,75,5.99
186,Shizunai,JP,2021-07-25 20:24:00,42.3339,142.3669,68.02,91,86,6.2
187,Sakakah,SA,2021-07-25 20:23:53,29.9697,40.2064,99.97,19,1,8.14
188,Umm Lajj,SA,2021-07-25 20:24:00,25.0213,37.2685,88.93,42,0,8.08
189,Khani,GE,2021-07-25 20:23:56,41.9563,42.9566,62.17,98,73,1.57
190,Marawi,PH,2021-07-25 20:23:48,7.9986,124.2928,70.65,89,94,5.41
191,Araouane,ML,2021-07-25 20:24:01,18.9048,-3.5265,101.43,23,28,2.98
192,Gornopravdinsk,RU,2021-07-25 20:24:01,60.05,69.9,48.69,69,29,5.73
193,Lac Du Bonnet,CA,2021-07-25 20:24:01,50.2536,-96.0612,84.58,25,39,13.53
194,Iranshahr,IR,2021-07-25 20:21:30,27.2025,60.6848,98.94,23,0,11.5
195,Taoudenni,ML,2021-07-25 20:24:01,22.6783,-3.9836,106.21,5,47,10.92
196,Manado,ID,2021-07-25 20:24:02,1.487,124.8455,81.37,65,40,5.75
197,Padang,ID,2021-07-25 20:24:02,-0.9492,100.3543,77.56,86,33,3.38
198,Baruun-Urt,MN,2021-07-25 20:19:30,46.6806,113.2792,60.42,69,100,12.01
199,Baba Ana,RO,2021-07-25 20:24:02,44.9667,26.45,76.68,49,0,2.1
200,Severo-Kurilsk,RU,2021-07-25 20:24:03,50.6789,156.125,55.06,97,86,3.8
201,Nogliki,RU,2021-07-25 20:20:43,51.8333,143.1667,68.86,89,100,10.11
202,Lerwick,GB,2021-07-25 20:24:03,60.1545,-1.1494,57.2,86,1,6.85
203,Volodarka,UA,2021-07-25 20:24:03,49.5248,29.9122,68.99,63,57,4.0
204,Weiser,US,2021-07-25 20:24:03,44.251,-116.9693,100.31,15,2,3.62
205,Luderitz,NA,2021-07-25 20:24:04,-26.6481,15.1594,67.35,23,100,4.76
206,Ambilobe,MG,2021-07-25 20:24:04,-13.2,49.05,64.18,84,63,3.47
207,Fort Nelson,CA,2021-07-25 20:23:52,58.8053,-122.7002,72.99,33,75,11.5
208,Tres Arroyos,AR,2021-07-25 20:24:04,-38.3739,-60.2798,52.25,62,65,13.0
209,Nikolskoye,RU,2021-07-25 20:21:43,59.7035,30.7861,67.89,70,24,2.53
210,Chernyshevskiy,RU,2021-07-25 20:24:05,63.0128,112.4714,60.24,64,25,1.83
211,La Palma,US,2021-07-25 20:21:19,33.8464,-118.0467,97.02,62,75,7.0
212,Meulaboh,ID,2021-07-25 20:21:31,4.1363,96.1285,76.95,87,97,3.76
213,Changji,CN,2021-07-25 20:24:05,44.0167,87.3167,81.39,28,0,6.71
214,Todos Santos,MX,2021-07-25 20:24:05,23.45,-110.2167,98.01,76,1,11.21
215,Vao,NC,2021-07-25 20:20:05,-22.6667,167.4833,71.38,70,54,15.75
216,Santiago De Cao,PE,2021-07-25 20:24:05,-7.9589,-79.2392,69.93,78,22,13.8
217,Aiquile,BO,2021-07-25 20:24:06,-18.2041,-65.1807,77.16,24,3,15.5
218,Xilagani,GR,2021-07-25 20:24:06,40.9833,25.4167,76.39,48,0,6.38
219,Banepa,NP,2021-07-25 20:19:56,27.6298,85.5214,68.32,100,75,2.3
220,Senneterre,CA,2021-07-25 20:24:06,48.3835,-77.2328,71.82,60,55,7.54
221,Vardo,NO,2021-07-25 20:24:07,70.3705,31.1107,44.58,93,75,16.11
222,Kocs,HU,2021-07-25 20:24:07,47.6075,18.2152,81.5,66,16,9.98
223,Port Alfred,ZA,2021-07-25 20:24:07,-33.5906,26.891,61.18,43,58,11.21
224,Goderich,CA,2021-07-25 20:24:07,43.7501,-81.7165,83.03,73,0,5.75
225,Littleton,US,2021-07-25 20:22:20,39.6133,-105.0166,94.48,28,40,1.01
226,Tessalit,ML,2021-07-25 20:23:07,20.1986,1.0114,90.59,34,99,18.57
227,Pedernales,DO,2021-07-25 20:20:07,18.0384,-71.744,83.39,74,71,8.08
228,Estelle,US,2021-07-25 20:24:08,29.8458,-90.1067,96.8,66,75,5.75
229,Juneau,US,2021-07-25 20:23:51,58.3019,-134.4197,61.84,87,75,5.75
230,Lukh,RU,2021-07-25 20:24:08,57.0124,42.2584,58.46,56,81,5.03
231,Novikovo,RU,2021-07-25 20:23:23,51.1537,37.8879,63.39,64,10,3.58
232,Andrews,US,2021-07-25 20:24:08,32.3187,-102.5457,97.29,31,90,21.85
233,Dombarovskiy,RU,2021-07-25 20:24:09,50.7587,59.5386,66.34,54,43,8.61
234,Basoko,CD,2021-07-25 20:24:09,1.2391,23.616,75.56,76,75,2.95
235,Nueva Guinea,NI,2021-07-25 20:24:09,11.6876,-84.4562,81.77,78,96,9.82
236,Alihe,CN,2021-07-25 20:24:09,50.5667,123.7167,56.23,97,94,2.98
237,Faya,SA,2021-07-25 20:24:10,18.3851,42.4509,66.31,78,100,4.76
238,Hervey Bay,AU,2021-07-25 20:20:42,-25.2986,152.8535,49.03,62,3,11.79
239,Miraflores,MX,2021-07-25 20:24:10,19.2167,-98.8083,78.03,60,71,1.12
240,Hami,CN,2021-07-25 20:19:39,42.8,93.45,85.69,19,0,8.93
241,Puerto Cabezas,NI,2021-07-25 20:20:16,14.0351,-83.3888,87.76,79,40,4.61
242,Goundi,TD,2021-07-25 20:24:10,9.3627,17.366,74.26,92,100,4.63
243,Georgetown,MY,2021-07-25 20:19:30,5.4112,100.3354,83.89,85,20,2.3
244,Kholmogory,RU,2021-07-25 20:21:07,64.2229,41.656,46.51,90,20,3.65
245,Dubki,RU,2021-07-25 20:24:11,43.0225,46.8372,65.43,73,15,5.1
246,San Quintin,MX,2021-07-25 20:24:11,30.4833,-115.95,68.38,84,100,9.06
247,Loreto,MX,2021-07-25 20:24:11,22.2667,-101.9667,79.56,26,13,6.44
248,Aquiraz,BR,2021-07-25 20:24:12,-3.9014,-38.3911,82.49,73,3,12.03
249,Port Hawkesbury,CA,2021-07-25 20:24:12,45.6169,-61.3485,75.09,65,1,3.0
250,Calama,CL,2021-07-25 20:23:33,-22.4667,-68.9333,64.89,9,75,18.41
251,Kasempa,ZM,2021-07-25 20:24:12,-13.4584,25.8338,56.52,42,0,7.9
252,Jaguarari,BR,2021-07-25 20:24:12,-10.2639,-40.1958,73.96,45,6,11.3
253,Jizan,SA,2021-07-25 20:24:13,17.3333,42.6667,81.54,80,100,5.95
254,Smidovich,RU,2021-07-25 20:24:13,48.6,133.8167,69.94,86,100,5.86
255,Bambous Virieux,MU,2021-07-25 20:22:36,-20.3428,57.7575,70.05,64,20,11.5
256,Fairbanks,US,2021-07-25 20:24:13,64.8378,-147.7164,66.09,58,75,1.01
257,Hofn,IS,2021-07-25 20:21:37,64.2539,-15.2082,52.02,94,100,19.93
258,Dwarka,IN,2021-07-25 20:24:14,22.2394,68.9678,82.0,87,100,21.05
259,Aksu,CN,2021-07-25 20:24:14,41.1231,80.2644,85.26,26,0,2.8
260,Vasterhaninge,SE,2021-07-25 20:24:14,59.1167,18.1,69.58,71,82,6.29
261,Westport,US,2021-07-25 20:24:14,41.1415,-73.3579,83.93,82,90,1.99
262,San Carlos De Bariloche,AR,2021-07-25 20:24:15,-41.1456,-71.3082,46.15,49,20,18.41
263,Kahului,US,2021-07-25 20:23:22,20.8947,-156.47,84.22,83,40,20.71
264,Te Anau,NZ,2021-07-25 20:24:15,-45.4167,167.7167,44.53,98,100,1.57
265,Barra Do Garcas,BR,2021-07-25 20:24:15,-15.89,-52.2567,79.38,78,0,0.0
266,Bengkulu,ID,2021-07-25 20:24:15,-3.8004,102.2655,74.48,86,2,5.41
267,Nabire,ID,2021-07-25 20:24:16,-3.3667,135.4833,75.88,87,100,3.51
268,Nakamura,JP,2021-07-25 20:24:16,32.9833,132.9333,73.67,96,100,4.09
269,Sangmelima,CM,2021-07-25 20:24:16,2.9333,11.9833,66.63,99,97,2.91
270,Lagoa,PT,2021-07-25 20:24:16,39.05,-27.9833,70.23,77,100,12.28
271,Darnah,LY,2021-07-25 20:24:17,32.767,22.6367,78.55,70,0,23.47
272,Clarence Town,AU,2021-07-25 20:23:57,-32.5833,151.7833,52.95,59,0,12.17
273,Gravdal,NO,2021-07-25 20:24:17,68.1214,13.5031,53.73,82,95,7.52
274,Oranjemund,NA,2021-07-25 20:24:17,-28.55,16.4333,66.18,23,100,5.97
275,Santa Marta,CO,2021-07-25 20:19:18,11.2408,-74.199,82.98,73,100,10.13
276,Santa Sofia,IT,2021-07-25 20:24:17,43.9445,11.9087,83.03,56,100,7.4
277,Garowe,SO,2021-07-25 20:24:18,8.4054,48.4845,78.71,47,39,21.0
278,Vila Velha,BR,2021-07-25 20:24:18,-20.3297,-40.2925,73.35,64,40,9.22
279,Beringovskiy,RU,2021-07-25 20:21:30,63.05,179.3167,51.76,90,100,1.61
280,Stornoway,GB,2021-07-25 20:20:31,58.2093,-6.3865,57.92,94,90,10.36
281,Qasigiannguit,GL,2021-07-25 20:24:18,68.8193,-51.1922,53.85,53,99,4.34
282,Mineiros,BR,2021-07-25 20:24:19,-17.5694,-52.5511,84.07,20,0,7.7
283,Porto Novo,BJ,2021-07-25 20:24:19,6.4965,2.6036,78.62,76,8,8.9
284,Rio Grande,BR,2021-07-25 20:21:24,-32.035,-52.0986,69.91,82,22,7.87
285,Vila Praia De Ancora,PT,2021-07-25 20:24:19,41.811,-8.8526,71.47,87,6,9.55
286,Mount Isa,AU,2021-07-25 20:21:39,-20.7333,139.5,51.57,43,15,8.05
287,Vanersborg,SE,2021-07-25 20:24:19,58.3807,12.3234,73.24,49,90,8.05
288,Mabaruma,GY,2021-07-25 20:24:20,8.2,-59.7833,73.78,98,100,2.44
289,Solnechnyy,RU,2021-07-25 20:24:20,50.7214,136.6319,72.41,76,100,1.99
290,Vila Franca Do Campo,PT,2021-07-25 20:22:30,37.7167,-25.4333,72.01,83,44,7.27
291,Pakala,IN,2021-07-25 20:24:20,13.4667,79.1167,81.01,65,87,7.87
292,Havoysund,NO,2021-07-25 20:22:51,70.9963,24.6622,47.28,74,100,7.45
293,Mitu,CO,2021-07-25 20:20:01,1.1983,-70.1733,77.32,80,81,3.38
294,Qaanaaq,GL,2021-07-25 20:24:21,77.484,-69.3632,40.53,71,80,5.68
295,Nioro,GM,2021-07-25 20:24:21,13.35,-15.75,80.73,66,100,9.28
296,Isla Vista,US,2021-07-25 20:24:21,34.4133,-119.861,89.01,66,1,6.91
297,Laguna,US,2021-07-25 20:24:21,38.421,-121.4238,105.13,33,1,1.01
298,Monrovia,LR,2021-07-25 20:20:14,6.3005,-10.7969,76.77,75,98,7.65
299,Mecca,SA,2021-07-25 20:20:11,21.4267,39.8261,88.84,35,36,7.31
300,Port Lincoln,AU,2021-07-25 20:22:23,-34.7333,135.8667,55.89,82,100,18.57
301,Khovu-Aksy,RU,2021-07-25 20:21:26,51.1333,93.6,57.74,91,92,1.41
302,Ligayan,PH,2021-07-25 20:24:22,4.6533,119.4706,83.07,78,99,8.77
303,Kupang,ID,2021-07-25 20:24:22,-10.1667,123.5833,70.9,77,6,4.7
304,Powell River,CA,2021-07-25 20:24:22,49.8496,-124.5361,82.04,60,20,6.91
305,Mahanoro,MG,2021-07-25 20:22:37,-19.9,48.8,62.92,91,100,10.49
306,Saskylakh,RU,2021-07-25 20:23:09,71.9167,114.0833,55.15,68,85,13.8
307,Mackenzie,CA,2021-07-25 20:24:23,55.2999,-123.1698,61.02,72,90,16.11
308,Pangnirtung,CA,2021-07-25 20:24:23,66.1451,-65.7125,46.4,100,90,10.36
309,Rosario,AR,2021-07-25 20:24:23,-32.9468,-60.6393,65.95,57,0,4.0
310,Sorland,NO,2021-07-25 20:20:32,67.667,12.6934,54.37,84,98,6.38
311,Mandalgovi,MN,2021-07-25 20:24:23,45.7625,106.2708,60.1,78,100,12.01
312,Ikalamavony,MG,2021-07-25 20:24:24,-21.15,46.5833,55.53,79,87,9.84
313,Clyde River,CA,2021-07-25 20:21:27,70.4692,-68.5914,35.83,100,90,8.05
314,Verkhnetulomskiy,RU,2021-07-25 20:24:24,68.6073,31.7962,44.73,79,100,4.7
315,Bom Jesus,BR,2021-07-25 20:24:24,-9.0744,-44.3586,83.53,39,8,10.07
316,Port Shepstone,ZA,2021-07-25 20:21:29,-30.7414,30.455,58.87,83,0,11.99
317,Salalah,OM,2021-07-25 20:23:54,17.0151,54.0924,78.89,89,75,8.05
318,Krutikha,RU,2021-07-25 20:24:24,53.9599,81.2093,66.9,81,98,1.23
319,Khasan,RU,2021-07-25 20:24:25,42.4308,130.6434,73.2,96,68,2.57
320,Verkhnyaya Toyma,RU,2021-07-25 20:24:25,62.2349,44.9985,55.45,76,100,4.0
321,Leshukonskoye,RU,2021-07-25 20:24:25,64.8989,45.7622,47.48,79,98,4.36
322,Itarema,BR,2021-07-25 20:24:25,-2.9248,-39.9167,81.09,65,23,16.33
323,Domoni,KM,2021-07-25 20:24:26,-12.2569,44.5319,75.16,67,100,11.03
324,Vinh,VN,2021-07-25 20:24:26,18.6667,105.6667,77.45,90,100,6.13
325,Kieta,PG,2021-07-25 20:24:02,-6.2167,155.6333,78.35,84,35,0.16
326,Birao,CF,2021-07-25 20:24:26,10.2849,22.7882,71.67,93,100,4.21
327,Port Barton,PH,2021-07-25 20:24:26,10.4756,119.2472,80.06,80,100,8.46
328,Kavaratti,IN,2021-07-25 20:24:27,10.5669,72.642,81.0,79,100,21.61
329,Baghmara,IN,2021-07-25 20:24:27,23.795,86.2085,81.66,77,100,6.73
330,Fare,PF,2021-07-25 20:24:27,-16.7,-151.0167,77.76,65,2,12.35
331,Lichinga,MZ,2021-07-25 20:19:45,-13.3128,35.2406,52.72,72,100,7.81
332,Cabo San Lucas,MX,2021-07-25 20:23:41,22.8909,-109.9124,98.51,55,1,9.22
333,Turinsk,RU,2021-07-25 20:24:27,58.0458,63.696,47.46,74,13,6.11
334,Taldan,RU,2021-07-25 20:24:28,53.6667,124.8,55.53,97,15,1.92
335,Bad Iburg,DE,2021-07-25 20:24:28,52.1549,8.0422,72.18,71,65,4.0
336,Satipo,PE,2021-07-25 20:20:30,-11.2522,-74.6386,90.86,31,1,1.14
337,San Cristobal,VE,2021-07-25 20:24:28,7.7669,-72.225,80.78,52,100,4.43
338,Bukama,CD,2021-07-25 20:24:29,-9.2,25.85,70.21,36,20,5.32
339,Puerto Escondido,MX,2021-07-25 20:24:29,15.85,-97.0667,90.43,62,40,10.36
340,Sept-Iles,CA,2021-07-25 20:20:55,50.2001,-66.3821,66.25,86,75,7.0
341,Hit,IQ,2021-07-25 20:24:05,33.6416,42.8251,100.26,17,0,10.02
342,Moose Factory,CA,2021-07-25 20:24:29,51.2585,-80.6094,60.8,82,40,11.5
343,Embonas,GR,2021-07-25 20:24:29,36.2269,27.8564,77.13,61,0,3.87
344,Krutinka,RU,2021-07-25 20:24:30,56.0055,71.5113,53.38,95,1,13.13
345,Mayumba,GA,2021-07-25 20:24:30,-3.432,10.6554,71.01,91,82,4.97
346,Oksfjord,NO,2021-07-25 20:24:30,70.2396,22.3479,51.87,99,100,1.25
347,Ust-Tsilma,RU,2021-07-25 20:24:30,65.441,52.1498,44.91,96,97,6.04
348,Lorengau,PG,2021-07-25 20:23:04,-2.0226,147.2712,78.66,83,100,8.66
349,San Patricio,US,2021-07-25 20:21:49,28.017,-97.5169,95.72,42,0,13.87
350,Iida,JP,2021-07-25 20:24:31,35.5197,137.8207,72.03,96,46,2.21
351,Labuhan,ID,2021-07-25 20:20:22,-6.8844,112.2051,72.81,83,47,7.47
352,Muchkapskiy,RU,2021-07-25 20:24:31,51.8513,42.4717,62.83,60,43,4.63
353,East Wenatchee Bench,US,2021-07-25 20:24:31,47.4257,-120.2812,95.32,21,1,1.01
354,Leningradskiy,RU,2021-07-25 20:22:00,69.3833,178.4167,37.8,90,100,4.65
355,Zhangye,CN,2021-07-25 20:20:43,38.9342,100.4517,72.41,44,99,3.53
356,Zhigalovo,RU,2021-07-25 20:24:32,54.8097,105.1578,58.05,74,95,2.53
357,Varel,DE,2021-07-25 20:24:32,53.3969,8.1362,71.49,94,7,7.14
358,Qinhuangdao,CN,2021-07-25 20:24:32,39.9317,119.5883,74.86,90,100,0.63
359,Chau Doc,VN,2021-07-25 20:24:32,10.7,105.1167,76.3,90,100,5.61
360,Englewood,US,2021-07-25 20:24:33,39.6478,-104.9878,94.39,28,40,1.01
361,Zheleznodorozhnyy,RU,2021-07-25 20:24:33,55.7503,38.0042,67.14,47,100,3.2
362,Halifax,CA,2021-07-25 20:21:33,44.6453,-63.5724,75.09,64,65,5.99
363,Airai,TL,2021-07-25 20:24:33,-8.9266,125.4092,55.85,52,76,3.22
364,Fortuna,US,2021-07-25 20:24:34,40.5982,-124.1573,61.66,83,1,16.11
365,Cayenne,GF,2021-07-25 20:24:34,4.9333,-52.3333,78.84,90,0,2.3
366,Olafsvik,IS,2021-07-25 20:24:34,64.8945,-23.7142,49.75,91,72,17.34
367,Bonnyville,CA,2021-07-25 20:24:34,54.2668,-110.735,76.8,25,100,13.6
368,Port Augusta,AU,2021-07-25 20:24:34,-32.5,137.7667,50.7,77,0,9.62
369,Klyuchi,RU,2021-07-25 20:24:35,52.2667,79.1667,70.9,56,51,7.27
370,Alasehir,TR,2021-07-25 20:24:35,38.3508,28.5172,75.88,51,21,3.27
371,Havre-Saint-Pierre,CA,2021-07-25 20:24:35,50.2334,-63.5986,73.76,60,1,13.8
372,Jiancheng,CN,2021-07-25 20:24:35,30.391,104.5491,81.61,89,17,1.3
373,Yatou,CN,2021-07-25 20:24:36,37.15,122.3833,75.79,89,79,5.57
374,Tucuma,BR,2021-07-25 20:24:36,-0.1833,-50.05,86.36,60,57,8.12
375,Portland,US,2021-07-25 20:21:15,45.5234,-122.6762,88.97,47,1,4.0
376,Chumikan,RU,2021-07-25 20:20:35,54.7183,135.315,63.05,89,10,12.71
377,Clifton,US,2021-07-25 20:22:06,40.8584,-74.1638,87.71,68,90,3.0
378,Cubuk,TR,2021-07-25 20:24:36,40.2386,33.0322,72.86,46,0,14.97
379,Lata,PT,2021-07-25 20:24:37,40.1629,-8.3327,66.92,96,57,4.88
380,Lavrentiya,RU,2021-07-25 20:21:31,65.5833,-171.0,44.42,99,100,3.76
381,Naze,JP,2021-07-25 20:24:37,28.3667,129.4833,77.86,88,100,16.15
382,Sao Filipe,CV,2021-07-25 20:24:37,14.8961,-24.4956,74.35,75,77,9.51
383,Svetlaya,RU,2021-07-25 20:24:37,46.5389,138.3297,68.97,87,57,6.06
384,Hualmay,PE,2021-07-25 20:22:42,-11.0964,-77.6139,67.44,73,21,9.26
385,Boliqueime,PT,2021-07-25 20:24:38,37.1372,-8.1582,73.92,79,7,12.46
386,Bentiu,SS,2021-07-25 20:24:38,9.2333,29.8333,70.7,97,100,5.39
387,Noshiro,JP,2021-07-25 20:24:38,40.2039,140.0242,72.3,91,6,7.27
388,Plettenberg Bay,ZA,2021-07-25 20:22:16,-34.0527,23.3716,58.78,47,97,5.41
389,Biak,ID,2021-07-25 20:24:38,-0.9131,122.8766,74.55,83,65,5.61
390,Trincomalee,LK,2021-07-25 20:24:39,8.5711,81.2335,81.36,76,100,24.47
391,Guerrero Negro,MX,2021-07-25 20:24:39,27.9769,-114.0611,78.66,56,85,11.68
392,Boa Viagem,BR,2021-07-25 20:24:39,-5.1275,-39.7322,89.13,31,4,7.2
393,Hambantota,LK,2021-07-25 20:24:39,6.1241,81.1185,79.92,79,99,17.69
394,Ende,ID,2021-07-25 20:20:18,-8.8432,121.6623,71.76,69,25,1.43
395,Kutiyana,IN,2021-07-25 20:24:40,21.6233,69.9817,78.67,88,100,8.7
396,West Wendover,US,2021-07-25 20:23:27,40.7391,-114.0733,92.41,10,1,6.91
397,Kabwe,ZM,2021-07-25 20:24:40,-14.4469,28.4464,54.07,52,0,8.7
398,Goedereede,NL,2021-07-25 20:24:40,51.8175,3.9806,68.99,80,60,7.18
399,Viedma,AR,2021-07-25 20:24:41,-40.8135,-62.9967,53.53,33,4,13.8
400,Brufut,GM,2021-07-25 20:24:41,13.3814,-16.7518,80.69,74,75,6.91
401,Nantucket,US,2021-07-25 20:22:49,41.2835,-70.0995,72.0,84,90,13.8
402,Alofi,NU,2021-07-25 20:24:41,-19.0595,-169.9187,76.89,94,40,10.36
403,Trelew,AR,2021-07-25 20:20:04,-43.249,-65.3051,51.71,33,42,19.66
404,Montepuez,MZ,2021-07-25 20:24:41,-13.1256,38.9997,63.57,58,12,10.51
405,Matagami,CA,2021-07-25 20:19:49,49.7502,-77.6328,64.51,88,90,11.5
406,College,US,2021-07-25 20:24:42,64.8569,-147.8028,65.59,57,75,5.75
407,Canutama,BR,2021-07-25 20:24:42,-6.5339,-64.3831,97.81,26,90,3.09
408,Kosh-Agach,RU,2021-07-25 20:19:44,50.0,88.6667,55.65,75,61,1.45
409,Narasannapeta,IN,2021-07-25 20:20:00,18.4167,84.05,82.71,76,100,6.71
410,Aripuana,BR,2021-07-25 20:24:42,-9.1667,-60.6333,97.41,24,15,1.52
411,Makakilo City,US,2021-07-25 20:20:40,21.3469,-158.0858,86.32,56,75,12.66
412,Linxia,CN,2021-07-25 20:21:52,35.6003,103.2064,59.27,95,100,3.38
413,Zhezkazgan,KZ,2021-07-25 20:20:28,47.8043,67.7144,77.72,39,0,19.98
414,Irbil,IQ,2021-07-25 20:24:43,36.1926,44.0106,97.75,17,0,4.85
415,La Rioja,ES,2021-07-25 20:20:29,42.25,-2.5,63.05,90,100,5.23
416,Ewa Beach,US,2021-07-25 20:22:30,21.3156,-158.0072,87.75,56,75,12.66
417,Nalut,LY,2021-07-25 20:24:43,30.3333,10.85,86.74,14,0,11.3
418,Chute-Aux-Outardes,CA,2021-07-25 20:24:43,49.1168,-68.399,64.71,100,90,4.61
419,Katunino,RU,2021-07-25 20:24:44,64.3862,40.6298,46.29,93,37,2.42
420,Sechura,PE,2021-07-25 20:24:44,-5.5569,-80.8222,76.01,62,28,15.19
421,Omsukchan,RU,2021-07-25 20:24:44,62.5333,155.8,50.86,99,100,6.42
422,Udachnyy,RU,2021-07-25 20:24:14,66.4167,112.4,69.94,57,21,9.01
423,Tuban,ID,2021-07-25 20:24:44,-6.8976,112.0649,72.07,85,45,6.4
424,Ati,TD,2021-07-25 20:24:45,13.2154,18.3353,76.78,75,97,5.03
425,Auburn,US,2021-07-25 20:24:45,47.3073,-122.2284,85.32,49,20,1.99
426,Port-Gentil,GA,2021-07-25 20:24:45,-0.7193,8.7815,76.96,83,75,5.75
427,Bangarmau,IN,2021-07-25 20:24:45,26.9,80.2167,85.91,68,100,6.58
428,Naro-Fominsk,RU,2021-07-25 20:24:46,55.3875,36.7331,64.76,62,74,0.29
429,Ippy,CF,2021-07-25 20:24:46,6.2679,21.2247,70.12,94,100,3.11
430,Tecolutla,MX,2021-07-25 20:24:46,20.4833,-97.0167,93.06,67,45,11.72
431,Dunedin,NZ,2021-07-25 20:24:46,-45.8742,170.5036,50.81,75,100,15.01
432,Buraydah,SA,2021-07-25 20:24:47,26.326,43.975,100.85,13,3,10.71
433,Taman,RU,2021-07-25 20:24:47,45.2117,36.7161,75.52,68,10,14.94
434,Puerto Colombia,CO,2021-07-25 20:24:47,10.9878,-74.9547,82.49,73,100,4.97
435,Ambanja,MG,2021-07-25 20:24:48,-13.6833,48.45,66.87,72,41,4.29
436,Balkhash,KZ,2021-07-25 20:21:27,46.844,74.9804,79.83,33,5,6.91
437,Taungdwingyi,MM,2021-07-25 20:24:48,20.0167,95.55,76.23,89,100,9.37
438,Limon,CR,2021-07-25 20:24:48,10.0,-83.0333,85.89,74,75,10.36
439,Bowen,AU,2021-07-25 20:24:48,-20.0167,148.2333,43.02,70,61,6.13
440,Ambon,ID,2021-07-25 20:20:32,-3.6954,128.1814,77.14,94,40,0.0
441,Dong Hoi,VN,2021-07-25 20:24:49,17.4833,106.6,78.39,85,100,12.44
442,State College,US,2021-07-25 20:23:34,40.7934,-77.86,89.58,55,40,1.01
443,Coquimbo,CL,2021-07-25 20:24:26,-29.9533,-71.3436,58.73,67,0,12.66
444,Abu Samrah,SY,2021-07-25 20:24:49,35.3029,37.1841,84.94,37,0,7.11
445,Rapid City,US,2021-07-25 20:24:49,44.0805,-103.231,100.13,21,1,1.01
446,Kabare,CD,2021-07-25 20:24:49,-2.4683,28.8242,62.47,66,100,2.84
447,Wanning,CN,2021-07-25 20:24:50,18.8003,110.3967,79.14,92,69,8.72
448,Naigarhi,IN,2021-07-25 20:24:50,24.7833,81.7833,79.25,83,100,10.6
449,Blagoyevo,RU,2021-07-25 20:24:50,63.3667,47.9167,48.47,98,50,4.16
450,Wembley,AU,2021-07-25 20:21:38,-31.9333,115.8,56.05,89,75,8.05
451,Morki,RU,2021-07-25 20:24:51,56.4303,48.9947,57.65,52,88,5.32
452,Wilmington,US,2021-07-25 20:23:20,34.2257,-77.9447,88.99,72,40,9.22
453,San Vicente,AR,2021-07-25 20:23:53,-26.6167,-54.1333,78.44,37,25,5.32
454,Rio Gallegos,AR,2021-07-25 20:24:51,-51.6226,-69.2181,39.25,65,40,20.71
455,Moindou,NC,2021-07-25 20:24:51,-21.6924,165.677,58.95,87,9,1.61
456,Necochea,AR,2021-07-25 20:23:30,-38.5473,-58.7368,49.03,83,100,18.01
457,Half Moon Bay,US,2021-07-25 20:20:42,37.4636,-122.4286,92.91,64,40,1.99
458,Grimshaw,CA,2021-07-25 20:24:51,56.1834,-117.6027,73.02,35,40,13.8
459,Takoradi,GH,2021-07-25 20:24:13,4.8845,-1.7554,75.42,78,22,9.08
460,Axim,GH,2021-07-25 20:24:52,4.8699,-2.2405,75.99,77,62,7.72
461,Tongliao,CN,2021-07-25 20:24:52,43.6125,122.2653,72.55,82,100,10.02
462,Anadyr,RU,2021-07-25 20:24:52,64.75,177.4833,52.3,100,90,5.99
463,Balkanabat,TM,2021-07-25 20:24:53,39.5108,54.3671,83.88,71,0,5.1
464,Mersing,MY,2021-07-25 20:20:10,2.4312,103.8405,78.71,94,7,4.61
465,Herat,AF,2021-07-25 20:24:53,34.5,62.0,86.11,12,0,37.18
466,Chuy,UY,2021-07-25 20:24:53,-33.6971,-53.4616,66.07,85,1,5.59
467,Kurumkan,RU,2021-07-25 20:24:12,54.3,110.3,60.4,67,59,2.93
468,Carutapera,BR,2021-07-25 20:24:53,-1.195,-46.02,81.16,73,99,8.19
469,Jagraon,IN,2021-07-25 20:24:54,30.7833,75.4833,87.28,61,100,8.34
470,Margate,GB,2021-07-25 20:21:02,51.3813,1.3862,66.04,88,45,1.01
471,Bida,NG,2021-07-25 20:24:54,9.0833,6.0167,76.33,81,97,4.52
472,Gizo,SB,2021-07-25 20:24:54,-8.103,156.8419,80.53,79,30,7.31
473,Edd,ER,2021-07-25 20:24:55,13.9297,41.6925,88.63,62,100,1.36
474,Bilibino,RU,2021-07-25 20:24:55,68.0546,166.4372,48.81,67,42,4.0
475,Nanakuli,US,2021-07-25 20:23:19,21.3906,-158.1547,87.75,55,75,12.66
476,Kibre Mengist,ET,2021-07-25 20:24:55,5.8833,38.9833,55.94,82,98,2.84
477,Houma,US,2021-07-25 20:20:40,29.5958,-90.7195,96.01,69,40,3.44
478,Tunceli,TR,2021-07-25 20:24:55,39.1083,39.5471,79.66,31,10,1.28
479,Ostersund,SE,2021-07-25 20:24:56,63.1792,14.6357,68.45,60,40,6.91
480,Moanda,GA,2021-07-25 20:24:56,-1.5575,13.2178,78.24,60,100,3.78
481,Thompson,CA,2021-07-25 20:24:35,55.7435,-97.8558,62.76,42,20,10.36
482,Muroto,JP,2021-07-25 20:24:56,33.2833,134.15,77.4,85,95,9.89
483,Butka,RU,2021-07-25 20:24:56,56.7179,63.7866,48.94,70,6,5.77
484,La Cruz,MX,2021-07-25 20:24:57,23.9167,-106.9,88.39,68,74,9.15
485,Van,TR,2021-07-25 20:24:57,38.4924,43.3831,65.55,45,20,1.14
486,Hasaki,JP,2021-07-25 20:24:02,35.7333,140.8333,75.6,79,10,15.75
487,Ust-Maya,RU,2021-07-25 20:24:57,60.4167,134.5333,57.54,84,5,3.4
488,Iwanai,JP,2021-07-25 20:24:57,42.9744,140.5089,68.29,96,34,5.77
489,Yerbogachen,RU,2021-07-25 20:24:58,61.2767,108.0108,61.38,66,78,1.36
490,Bilma,NE,2021-07-25 20:24:58,18.6853,12.9164,86.67,50,94,19.24
491,Normandin,CA,2021-07-25 20:24:58,48.8333,-72.5321,75.51,60,52,11.5
492,Aleksandrov Gay,RU,2021-07-25 20:24:58,50.147,48.5704,70.18,40,4,8.66
493,Bulaevo,KZ,2021-07-25 20:24:59,54.9056,70.4439,56.41,85,0,10.65
494,Pacific Grove,US,2021-07-25 20:24:59,36.6177,-121.9166,89.15,79,20,8.01
495,Hwange,ZW,2021-07-25 20:24:59,-18.3693,26.5019,58.46,40,1,9.55
496,Shimoda,JP,2021-07-25 20:22:13,34.6667,138.95,75.11,87,9,7.74
497,Teya,RU,2021-07-25 20:25:00,60.3778,92.6267,63.59,69,7,2.89
498,Lucea,JM,2021-07-25 20:25:00,18.451,-78.1736,87.85,69,24,2.75
499,Mahon,ES,2021-07-25 20:25:00,39.8885,4.2658,75.76,73,0,11.5
500,Burgos,ES,2021-07-25 20:25:00,42.3394,-3.7079,61.21,77,0,11.5
501,Sinazongwe,ZM,2021-07-25 20:25:01,-17.2614,27.4618,63.16,48,2,8.99
502,Lively,CA,2021-07-25 20:25:01,46.4334,-81.1498,77.92,33,32,12.44
503,Gladstone,AU,2021-07-25 20:25:01,-23.85,151.25,51.73,54,4,6.91
504,Kushima,JP,2021-07-25 20:23:07,31.4583,131.2333,80.11,92,100,7.76
505,Dimovo,BG,2021-07-25 20:25:01,43.7417,22.7269,73.6,47,5,4.7
506,Thunder Bay,CA,2021-07-25 20:20:34,48.4001,-89.3168,87.78,27,75,11.5
507,Riberalta,BO,2021-07-25 20:25:02,-10.9833,-66.1,93.4,46,40,0.0
508,Qingdao,CN,2021-07-25 20:25:02,36.0986,120.3719,78.4,83,40,0.0
509,Abha,SA,2021-07-25 20:25:04,18.2164,42.5053,66.02,94,100,2.3
510,Marfino,RU,2021-07-25 20:25:04,55.7028,37.3822,66.87,68,0,4.47
511,Salinas,US,2021-07-25 20:20:09,36.6777,-121.6555,89.56,59,1,13.8
512,Yeppoon,AU,2021-07-25 20:25:04,-23.1333,150.7333,42.58,50,0,5.26
513,Rorvik,NO,2021-07-25 20:25:04,64.8621,11.2373,58.98,100,90,6.91
514,Eureka,US,2021-07-25 20:21:22,40.8021,-124.1637,61.25,78,100,7.0
515,Osorno,CL,2021-07-25 20:21:37,-40.5667,-73.15,50.31,62,40,8.05
516,Samarai,PG,2021-07-25 20:22:27,-10.6167,150.6667,78.3,78,100,14.52
517,Impfondo,CG,2021-07-25 20:25:05,1.6381,18.0667,76.98,67,97,2.44
518,Taseyevo,RU,2021-07-25 20:25:05,57.2169,94.8978,62.44,75,34,4.23
519,Mama,RU,2021-07-25 20:25:05,58.3106,112.8986,60.1,72,24,2.59
520,Pangai,TO,2021-07-25 20:23:55,-19.8,-174.35,73.51,100,75,3.44
521,Molln,DE,2021-07-25 20:25:06,53.6333,10.6833,71.47,82,0,4.61
522,Saint-Pierre,RE,2021-07-25 20:25:06,-21.3393,55.4781,69.44,68,20,6.91
523,Tshela,CD,2021-07-25 20:25:06,-4.9833,12.9333,70.39,80,50,2.68
524,Vestmannaeyjar,IS,2021-07-25 20:25:06,63.4427,-20.2734,50.99,93,75,14.97
525,Karratha,AU,2021-07-25 20:23:01,-20.7377,116.8463,69.03,48,55,5.95
526,Christchurch,NZ,2021-07-25 20:20:36,-43.5333,172.6333,53.01,82,100,4.0
527,Okha,RU,2021-07-25 20:25:07,53.5739,142.9478,68.23,83,100,8.46
528,Nsoko,SZ,2021-07-25 20:25:07,-27.0333,31.95,54.14,88,50,1.66
529,Karmala,IN,2021-07-25 20:25:07,18.4167,75.2,74.16,85,55,12.84
530,Sao Felix Do Xingu,BR,2021-07-25 20:23:13,-6.6447,-51.995,94.64,23,77,4.63
531,Daloa,CI,2021-07-25 20:25:07,6.8774,-6.4502,72.43,88,50,3.09
532,Sri Aman,MY,2021-07-25 20:25:08,1.2376,111.4621,78.85,94,92,0.0
533,Deputatskiy,RU,2021-07-25 20:25:08,69.3,139.9,46.22,71,5,3.04
534,Tazovskiy,RU,2021-07-25 20:23:04,67.4667,78.7,52.34,79,100,7.02
535,Pechenga,RU,2021-07-25 20:25:08,69.5259,31.1703,49.06,71,93,15.46
536,Saiha,IN,2021-07-25 20:25:08,22.4833,92.9667,70.84,98,99,2.33
537,Alcudia,ES,2021-07-25 20:25:09,39.8532,3.1214,80.55,79,52,7.4
538,Nuevo Casas Grandes,MX,2021-07-25 20:25:09,30.4167,-107.9167,82.74,38,50,3.0
539,Poum,NC,2021-07-25 20:25:09,-20.2333,164.0167,72.32,78,1,17.25
540,Tiarei,PF,2021-07-25 20:25:09,-17.5333,-149.3333,82.42,68,1,9.06
541,Tromso,NO,2021-07-25 20:22:57,69.6496,18.957,56.05,93,75,4.61
542,Khon Buri,TH,2021-07-25 20:25:10,14.5254,102.2459,79.54,87,100,12.93
543,Cabedelo,BR,2021-07-25 20:25:10,-6.9811,-34.8339,74.07,79,2,13.69
544,Willowmore,ZA,2021-07-25 20:25:10,-33.2926,23.4895,50.52,34,69,4.61
545,Taft,IR,2021-07-25 20:25:10,31.7471,54.2088,82.35,13,0,0.0
546,Pointe Michel,DM,2021-07-25 20:25:11,15.25,-61.3833,88.74,70,40,3.44
547,Yurga,RU,2021-07-25 20:25:11,55.7231,84.8861,65.91,93,100,6.55
548,Madingou,CG,2021-07-25 20:25:11,-4.1536,13.55,81.03,50,84,3.78
549,Tevaitoa,PF,2021-07-25 20:25:12,-16.7833,-151.5,77.7,66,1,12.41
550,Teknaf,BD,2021-07-25 20:25:12,20.8624,92.3058,79.07,94,100,3.0
551,Nouadhibou,MR,2021-07-25 20:25:12,20.931,-17.0347,71.58,88,8,20.71
552,Strathmore,CA,2021-07-25 20:25:12,51.0501,-113.3852,82.38,31,15,6.91
553,Tateyama,JP,2021-07-25 20:25:13,34.9833,139.8667,80.02,83,82,9.22
554,Orangeburg,US,2021-07-25 20:25:13,33.4918,-80.8557,92.86,58,1,4.61
555,Dharchula,IN,2021-07-25 20:25:13,29.85,80.5333,75.74,96,100,1.03
556,Beipiao,CN,2021-07-25 20:25:13,41.7919,120.7792,68.97,89,68,5.32
557,Aklavik,CA,2021-07-25 20:21:32,68.2191,-135.0107,54.43,67,100,19.15
558,Arona,ES,2021-07-25 20:25:14,28.0996,-16.681,69.82,73,0,13.8
559,Camacha,PT,2021-07-25 20:25:14,33.0833,-16.3333,75.52,88,40,13.8
560,Tura,IN,2021-07-25 20:25:14,25.5198,90.2201,75.56,95,100,5.1
561,Yumen,CN,2021-07-25 20:25:14,40.2833,97.2,76.3,33,4,10.07
562,Moroni,KM,2021-07-25 20:25:15,-11.7022,43.2551,74.07,71,85,15.66
563,Ngunguru,NZ,2021-07-25 20:22:38,-35.6167,174.5,57.16,88,45,10.76
564,Kabanjahe,ID,2021-07-25 20:25:15,3.1001,98.4908,66.96,94,82,1.7
565,Darnetal,FR,2021-07-25 20:25:15,49.4453,1.1514,65.64,82,20,9.22
566,Nikolo-Pavlovskoye,RU,2021-07-25 20:25:15,57.7831,60.0578,46.4,77,9,3.91
567,San Policarpo,PH,2021-07-25 20:25:16,12.1791,125.5072,79.47,81,18,7.07
568,Toyooka,JP,2021-07-25 20:25:16,35.5333,134.8333,73.22,85,3,5.26
569,Saint George,US,2021-07-25 20:23:33,37.1041,-113.5841,96.39,34,1,4.0
570,Colorines,MX,2021-07-25 20:25:16,19.2,-100.1667,81.0,69,65,5.79
571,Anchorage,US,2021-07-25 20:21:21,61.2181,-149.9003,65.64,73,90,1.01
572,Witu,KE,2021-07-25 20:25:17,-2.3889,40.4382,74.59,75,7,17.94
573,Ipatovo,RU,2021-07-25 20:25:17,45.7181,42.9036,76.1,45,25,4.99
574,Maputo,MZ,2021-07-25 20:25:17,-25.9653,32.5892,60.48,82,40,4.61
575,Koszeg,HU,2021-07-25 20:25:17,47.3892,16.541,74.34,79,27,11.59
576,Guangyuan,CN,2021-07-25 20:25:18,32.442,105.823,72.86,94,3,2.73
577,Progreso,MX,2021-07-25 20:25:18,21.2833,-89.6667,94.1,64,94,9.75
578,Birjand,IR,2021-07-25 20:25:18,32.8663,59.2211,82.87,11,0,4.61
579,Celestun,MX,2021-07-25 20:21:06,20.8667,-90.4,86.54,64,95,12.95
580,Lyuban,BY,2021-07-25 20:25:18,52.7985,28.0048,66.45,71,41,3.87
