City_ID,City,Country,Lat,Lng,Max Temp,Humidity,Cloudiness,Wind Speed,Date,Current Description
0,Esperance,AU,-33.8667,121.9,55.24,79,5,20.42,2021-07-26 01:20:20,clear sky
1,Qaanaaq,GL,77.484,-69.3632,39.97,68,100,0.65,2021-07-26 01:24:58,overcast clouds
2,Tiksi,RU,71.6872,128.8694,51.4,90,99,5.91,2021-07-26 01:24:58,light rain
3,Mahebourg,MU,-20.4081,57.7,70.09,64,75,10.36,2021-07-26 01:24:58,broken clouds
4,Airai,TL,-8.9266,125.4092,71.62,31,70,2.98,2021-07-26 01:24:58,broken clouds
5,Khatanga,RU,71.9667,102.5,57.88,63,49,2.15,2021-07-26 01:24:59,scattered clouds
6,Labuhan,ID,-6.8844,112.2051,77.97,69,4,6.13,2021-07-26 01:24:59,clear sky
7,Karratha,AU,-20.7377,116.8463,74.3,39,78,4.07,2021-07-26 01:24:59,broken clouds
8,Georgetown,MY,5.4112,100.3354,85.93,83,20,1.01,2021-07-26 01:24:59,haze
9,Punta Arenas,CL,-53.15,-70.9167,33.91,93,0,16.11,2021-07-26 01:24:30,clear sky
10,Hilo,US,19.7297,-155.09,78.53,89,90,8.05,2021-07-26 01:25:00,light rain
11,Bethel,US,41.3712,-73.414,75.49,89,0,2.98,2021-07-26 01:24:16,clear sky
12,Mareeba,AU,-17.0,145.4333,76.48,56,35,5.75,2021-07-26 01:25:00,scattered clouds
13,Lohardaga,IN,23.4333,84.6833,76.86,86,100,5.86,2021-07-26 01:25:00,overcast clouds
14,Sorong,ID,-0.8833,131.25,81.82,72,100,10.45,2021-07-26 01:25:01,overcast clouds
15,Wamba,NG,8.9333,8.6,70.23,97,98,2.24,2021-07-26 01:25:01,light rain
16,Wasilla,US,61.5814,-149.4394,67.35,60,90,0.0,2021-07-26 01:25:01,overcast clouds
17,Rikitea,PF,-23.1203,-134.9692,71.33,73,17,5.64,2021-07-26 01:23:11,few clouds
18,Dingle,PH,10.9995,122.6711,85.23,71,91,15.3,2021-07-26 01:25:01,overcast clouds
19,Hermanus,ZA,-34.4187,19.2345,50.81,51,100,10.0,2021-07-26 01:25:02,overcast clouds
20,Asau,RO,46.4333,26.4,63.75,82,5,3.94,2021-07-26 01:25:02,clear sky
21,Sitka,US,57.0531,-135.33,55.29,82,90,3.44,2021-07-26 01:23:16,overcast clouds
22,Murgab,TM,37.4966,61.9714,80.47,39,0,9.22,2021-07-26 01:25:03,clear sky
23,Vaini,TO,-21.2,-175.2,80.76,83,20,9.22,2021-07-26 01:25:03,few clouds
24,Pacific Grove,US,36.6177,-121.9166,83.01,85,40,7.0,2021-07-26 01:21:59,scattered clouds
25,Ponta Do Sol,PT,32.6667,-17.1,76.01,82,1,1.14,2021-07-26 01:20:58,clear sky
26,Arlit,NE,18.7369,7.3853,95.76,18,100,9.13,2021-07-26 01:25:04,overcast clouds
27,Albany,US,42.6001,-73.9662,73.38,93,0,4.05,2021-07-26 01:25:04,clear sky
28,Hualmay,PE,-11.0964,-77.6139,63.36,86,7,10.85,2021-07-26 01:25:04,clear sky
29,Busselton,AU,-33.65,115.3333,63.05,69,0,23.4,2021-07-26 01:25:04,clear sky
30,Broome,US,42.2506,-75.833,73.0,76,0,1.99,2021-07-26 01:25:05,clear sky
31,Cape Town,ZA,-33.9258,18.4232,61.11,62,0,1.14,2021-07-26 01:20:18,clear sky
32,Tigzirt,DZ,36.8886,4.1198,76.33,68,11,5.64,2021-07-26 01:25:05,few clouds
33,Pechora,RU,65.1472,57.2244,45.52,92,100,4.12,2021-07-26 01:25:05,overcast clouds
34,Mataura,NZ,-46.1927,168.8643,48.47,87,100,2.24,2021-07-26 01:25:05,light rain
35,Praia Da Vitoria,PT,38.7333,-27.0667,69.76,88,75,11.01,2021-07-26 01:24:12,broken clouds
36,Bilibino,RU,68.0546,166.4372,60.35,48,31,1.77,2021-07-26 01:20:44,scattered clouds
37,Hithadhoo,MV,-0.6,73.0833,80.46,76,100,5.7,2021-07-26 01:21:14,moderate rain
38,New Norfolk,AU,-42.7826,147.0587,53.1,69,100,1.01,2021-07-26 01:25:06,overcast clouds
39,Bredasdorp,ZA,-34.5322,20.0403,50.29,66,100,5.75,2021-07-26 01:25:06,overcast clouds
40,Floro,NO,61.5996,5.0328,62.56,94,100,6.91,2021-07-26 01:25:06,overcast clouds
41,Yellowknife,CA,62.456,-114.3525,60.3,47,20,14.97,2021-07-26 01:24:35,few clouds
42,Manggar,ID,-2.8833,108.2667,83.16,69,8,13.85,2021-07-26 01:25:07,clear sky
43,Mikhaylovka,RU,50.06,43.2379,62.76,53,53,6.78,2021-07-26 01:20:55,broken clouds
44,Mana,GF,5.6592,-53.7767,77.45,84,100,6.33,2021-07-26 01:25:07,overcast clouds
45,Hobart,AU,-42.8794,147.3294,53.46,65,40,1.01,2021-07-26 01:23:42,scattered clouds
46,Lorengau,PG,-2.0226,147.2712,84.47,67,15,6.76,2021-07-26 01:25:07,few clouds
47,Kapaa,US,22.0752,-159.319,87.78,78,40,5.99,2021-07-26 01:25:07,light rain
48,Aklavik,CA,68.2191,-135.0107,56.23,79,100,12.73,2021-07-26 01:22:44,overcast clouds
49,Faanui,PF,-16.4833,-151.75,78.04,66,5,7.81,2021-07-26 01:25:08,clear sky
50,Pisco,PE,-13.7,-76.2167,62.65,77,0,8.05,2021-07-26 01:25:08,clear sky
51,Nosy Varika,MG,-20.5833,48.5333,62.83,80,96,10.04,2021-07-26 01:25:08,light rain
52,Carnarvon,AU,-24.8667,113.6333,59.07,65,90,3.44,2021-07-26 01:25:09,overcast clouds
53,Muli,MV,2.9167,73.5667,82.44,73,100,7.27,2021-07-26 01:25:09,overcast clouds
54,Upernavik,GL,72.7868,-56.1549,42.69,74,100,5.91,2021-07-26 01:25:09,overcast clouds
55,Puerto Ayora,EC,-0.7393,-90.3518,71.55,88,0,7.0,2021-07-26 01:25:09,clear sky
56,Lebu,CL,-37.6167,-73.65,48.96,85,44,20.15,2021-07-26 01:20:17,scattered clouds
57,Chuy,UY,-33.6971,-53.4616,60.08,94,0,4.14,2021-07-26 01:25:10,clear sky
58,Port Elizabeth,ZA,-33.918,25.5701,43.09,81,0,4.61,2021-07-26 01:25:10,clear sky
59,Faya,SA,18.3851,42.4509,64.51,76,92,4.47,2021-07-26 01:25:10,overcast clouds
60,Ushuaia,AR,-54.8,-68.3,33.46,86,40,4.61,2021-07-26 01:25:10,scattered clouds
61,Peleduy,RU,59.6289,112.7406,78.42,42,40,4.47,2021-07-26 01:25:11,scattered clouds
62,Moche,PE,-8.1711,-79.0092,66.38,82,19,9.22,2021-07-26 01:25:11,few clouds
63,Alice Springs,AU,-23.7,133.8833,67.55,22,6,5.75,2021-07-26 01:22:49,clear sky
64,Anaconda,US,46.1285,-112.9423,86.99,12,0,10.76,2021-07-26 01:25:11,clear sky
65,Talnakh,RU,69.4865,88.3972,57.92,93,100,1.99,2021-07-26 01:25:12,overcast clouds
66,Bubaque,GW,11.2833,-15.8333,79.3,81,100,7.72,2021-07-26 01:25:12,light rain
67,Klaksvik,FO,62.2266,-6.589,50.92,96,100,8.72,2021-07-26 01:25:12,overcast clouds
68,Leningradskiy,RU,69.3833,178.4167,40.44,84,98,6.46,2021-07-26 01:25:12,overcast clouds
69,Tasiilaq,GL,65.6145,-37.6368,41.16,83,33,5.75,2021-07-26 01:25:13,scattered clouds
70,Saint-Philippe,RE,-21.3585,55.7679,67.55,73,57,11.07,2021-07-26 01:25:13,broken clouds
71,Rosario,AR,-32.9468,-60.6393,55.94,73,0,1.01,2021-07-26 01:25:13,clear sky
72,Bluff,NZ,-46.6,168.3333,48.79,84,100,2.98,2021-07-26 01:25:13,light rain
73,Cooma,AU,-36.2333,149.1333,53.37,50,66,9.22,2021-07-26 01:25:14,broken clouds
74,Severodvinsk,RU,64.5635,39.8302,50.11,94,100,3.33,2021-07-26 01:21:37,light rain
75,Yarmouth,US,41.7057,-70.2286,73.99,92,90,7.0,2021-07-26 01:25:14,overcast clouds
76,Lompoc,US,34.6391,-120.4579,81.12,79,90,12.66,2021-07-26 01:25:14,overcast clouds
77,Vallenar,CL,-28.5708,-70.7581,53.92,59,0,0.74,2021-07-26 01:25:14,clear sky
78,Muromtsevo,RU,56.3724,75.2418,56.16,95,100,11.63,2021-07-26 01:25:15,overcast clouds
79,Rio Grande,BR,-32.035,-52.0986,60.94,82,9,7.52,2021-07-26 01:25:15,clear sky
80,Ribeira Grande,PT,38.5167,-28.7,70.45,82,7,14.85,2021-07-26 01:25:15,clear sky
81,Turtas,RU,58.9417,69.1325,51.01,72,80,8.77,2021-07-26 01:25:15,broken clouds
82,Berezovyy,RU,51.6667,135.7,74.14,76,100,4.09,2021-07-26 01:25:16,overcast clouds
83,Dunedin,NZ,-45.8742,170.5036,51.8,72,100,20.0,2021-07-26 01:21:39,light rain
84,Atuona,PF,-9.8,-139.0333,78.3,72,4,23.26,2021-07-26 01:22:39,clear sky
85,Acarau,BR,-2.8856,-40.12,77.7,80,4,15.46,2021-07-26 01:22:21,clear sky
86,Sarangani,PH,5.4033,125.4636,84.33,72,95,11.79,2021-07-26 01:25:16,overcast clouds
87,Caravelas,BR,-17.7125,-39.2481,69.24,82,3,6.46,2021-07-26 01:20:53,clear sky
88,Dikson,RU,73.5069,80.5464,43.25,74,9,9.06,2021-07-26 01:25:16,clear sky
89,Bonnyville,CA,54.2668,-110.735,75.0,25,100,11.61,2021-07-26 01:25:17,overcast clouds
90,Marsa Matruh,EG,31.3525,27.2453,77.2,69,0,11.5,2021-07-26 01:25:17,clear sky
91,Avarua,CK,-21.2078,-159.775,78.85,73,40,10.36,2021-07-26 01:25:17,scattered clouds
92,Nowogard,PL,53.6744,15.1163,70.43,82,0,3.44,2021-07-26 01:25:17,clear sky
93,Muros,ES,42.7762,-9.0603,64.83,89,13,5.75,2021-07-26 01:21:18,few clouds
94,Henties Bay,NA,-22.116,14.2845,71.24,36,53,14.03,2021-07-26 01:21:11,broken clouds
95,Jamestown,US,42.097,-79.2353,73.04,73,1,6.91,2021-07-26 01:25:18,clear sky
96,Westport,US,41.1415,-73.3579,78.35,91,1,4.0,2021-07-26 01:22:28,clear sky
97,Half Moon Bay,US,37.4636,-122.4286,89.42,66,20,1.01,2021-07-26 01:25:18,few clouds
98,Palenque,MX,17.5167,-91.9667,79.41,80,88,1.01,2021-07-26 01:25:18,overcast clouds
99,Barmer,IN,25.75,71.3833,82.35,77,100,12.53,2021-07-26 01:25:19,overcast clouds
100,Monrovia,LR,6.3005,-10.7969,75.78,79,30,6.53,2021-07-26 01:25:19,scattered clouds
101,Naze,JP,28.3667,129.4833,81.52,91,100,17.27,2021-07-26 01:25:19,overcast clouds
102,Guerrero Negro,MX,27.9769,-114.0611,72.1,71,2,16.51,2021-07-26 01:24:07,clear sky
103,Komsomolskiy,UZ,40.4272,71.7189,79.52,36,0,9.22,2021-07-26 01:25:19,clear sky
104,Okato,NZ,-39.2,173.8833,55.42,90,100,13.8,2021-07-26 01:25:20,overcast clouds
105,Mar Del Plata,AR,-38.0023,-57.5575,52.0,58,40,5.99,2021-07-26 01:21:31,scattered clouds
106,Sobolevo,RU,54.4299,31.8996,61.5,75,58,4.65,2021-07-26 01:25:20,broken clouds
107,Carutapera,BR,-1.195,-46.02,75.96,88,15,5.26,2021-07-26 01:25:20,few clouds
108,Mount Isa,AU,-20.7333,139.5,69.57,23,41,11.5,2021-07-26 01:22:38,scattered clouds
109,Necochea,AR,-38.5473,-58.7368,46.54,89,11,11.77,2021-07-26 01:25:20,few clouds
110,Butaritari,KI,3.0707,172.7902,79.97,84,98,13.91,2021-07-26 01:25:21,moderate rain
111,Sao Sebastiao,BR,-23.76,-45.4097,65.89,54,0,4.81,2021-07-26 01:25:21,clear sky
112,Knysna,ZA,-34.0363,23.0471,62.98,45,99,7.63,2021-07-26 01:21:11,overcast clouds
113,Shenjiamen,CN,29.9576,122.298,79.21,88,100,28.7,2021-07-26 01:25:21,moderate rain
114,East London,ZA,-33.0153,27.9116,58.05,28,18,6.87,2021-07-26 01:25:21,few clouds
115,Yerbogachen,RU,61.2767,108.0108,76.06,46,82,2.19,2021-07-26 01:25:22,broken clouds
116,Egvekinot,RU,66.3167,-179.1667,47.89,82,100,2.75,2021-07-26 01:25:22,overcast clouds
117,Kavaratti,IN,10.5669,72.642,81.61,80,100,20.56,2021-07-26 01:25:22,overcast clouds
118,Nikolskoye,RU,59.7035,30.7861,63.81,62,98,4.45,2021-07-26 01:25:22,overcast clouds
119,Berlevag,NO,70.8578,29.0864,45.1,84,100,16.58,2021-07-26 01:21:01,overcast clouds
120,Port Augusta,AU,-32.5,137.7667,59.7,46,9,15.3,2021-07-26 01:25:23,clear sky
121,Castro,BR,-24.7911,-50.0119,55.35,62,5,3.44,2021-07-26 01:21:35,clear sky
122,Baiyin,CN,36.5583,104.2081,63.48,60,100,15.79,2021-07-26 01:25:23,overcast clouds
123,Yumen,CN,40.2833,97.2,79.38,30,0,13.78,2021-07-26 01:25:23,clear sky
124,Evanston,US,42.0411,-87.6901,85.1,46,75,6.91,2021-07-26 01:24:01,broken clouds
125,Marinette,US,45.1,-87.6307,80.69,47,1,0.0,2021-07-26 01:25:24,clear sky
126,Payo,ID,-3.7508,103.6372,74.03,59,5,2.19,2021-07-26 01:25:24,clear sky
127,Baker City,US,44.7749,-117.8344,96.15,22,1,11.5,2021-07-26 01:25:24,clear sky
128,Lufilufi,WS,-13.8745,-171.5986,86.79,75,10,12.88,2021-07-26 01:25:25,clear sky
129,Laguna,US,38.421,-121.4238,103.14,26,1,4.0,2021-07-26 01:25:25,clear sky
130,Port Hedland,AU,-20.3167,118.5667,77.05,23,100,9.22,2021-07-26 01:25:25,overcast clouds
131,Port Hardy,CA,50.6996,-127.4199,66.38,77,75,2.3,2021-07-26 01:21:10,broken clouds
132,Tazovskiy,RU,67.4667,78.7,50.74,75,100,7.27,2021-07-26 01:25:25,overcast clouds
133,Sao Filipe,CV,14.8961,-24.4956,74.05,76,68,7.11,2021-07-26 01:25:26,broken clouds
134,Salalah,OM,17.0151,54.0924,78.89,83,75,4.61,2021-07-26 01:25:26,broken clouds
135,Solnechnyy,RU,50.7214,136.6319,79.05,64,100,3.22,2021-07-26 01:25:26,overcast clouds
136,Meadow Lake,US,34.8014,-106.5436,81.48,52,99,10.98,2021-07-26 01:25:26,overcast clouds
137,Trindade,BR,-16.6494,-49.4889,67.75,39,0,4.23,2021-07-26 01:25:27,clear sky
138,Ancud,CL,-41.8697,-73.8203,38.73,79,7,7.72,2021-07-26 01:25:27,clear sky
139,San Patricio,US,28.017,-97.5169,85.53,66,3,10.49,2021-07-26 01:25:27,clear sky
140,Kodiak,US,57.79,-152.4072,54.91,82,1,8.05,2021-07-26 01:25:27,clear sky
141,Barrow,US,71.2906,-156.7887,39.22,95,90,14.97,2021-07-26 01:25:28,light rain
142,Longyearbyen,SJ,78.2186,15.6401,44.44,87,75,8.05,2021-07-26 01:25:28,broken clouds
143,Isangel,VU,-19.55,169.2667,75.67,76,98,16.04,2021-07-26 01:25:28,overcast clouds
144,Yulara,AU,-25.2406,130.9889,64.24,29,0,8.05,2021-07-26 01:25:28,clear sky
145,Zyryanka,RU,65.75,150.85,53.51,54,100,13.56,2021-07-26 01:25:29,overcast clouds
146,Husavik,IS,66.0449,-17.3389,53.51,68,0,12.53,2021-07-26 01:25:29,clear sky
147,Galiakot,IN,23.5167,74.0,76.75,95,100,15.01,2021-07-26 01:25:29,overcast clouds
148,Bandarbeyla,SO,9.4942,50.8122,77.07,76,88,23.96,2021-07-26 01:25:29,overcast clouds
149,Grindavik,IS,63.8424,-22.4338,48.56,100,75,20.71,2021-07-26 01:25:30,light intensity drizzle rain
150,Dongli,CN,23.5656,116.8194,91.38,66,0,4.47,2021-07-26 01:25:30,clear sky
151,Griffith,US,41.5284,-87.4237,86.02,64,1,4.61,2021-07-26 01:25:30,clear sky
152,Pohrebyshche,UA,49.4864,29.2636,66.4,59,97,4.32,2021-07-26 01:25:30,overcast clouds
153,Tuatapere,NZ,-46.1333,167.6833,48.81,93,100,1.25,2021-07-26 01:21:53,overcast clouds
154,Eyl,SO,7.9803,49.8164,78.42,65,100,21.97,2021-07-26 01:21:20,overcast clouds
155,Maniitsoq,GL,65.4167,-52.9,46.76,73,100,10.65,2021-07-26 01:25:31,overcast clouds
156,Brunswick,US,41.2381,-81.8418,77.5,67,75,3.44,2021-07-26 01:25:31,broken clouds
157,Kembolcha,ET,11.0816,39.7434,62.15,83,100,2.66,2021-07-26 01:25:31,overcast clouds
158,Yangambi,CD,0.8102,24.4336,71.53,84,50,3.44,2021-07-26 01:25:32,light rain
159,Luderitz,NA,-26.6481,15.1594,66.31,23,65,9.57,2021-07-26 01:25:32,broken clouds
160,Meulaboh,ID,4.1363,96.1285,78.58,82,75,2.28,2021-07-26 01:25:32,broken clouds
161,Cabo San Lucas,MX,22.8909,-109.9124,93.51,62,6,8.01,2021-07-26 01:22:43,clear sky
162,Arraial Do Cabo,BR,-22.9661,-42.0278,70.12,76,0,25.14,2021-07-26 01:25:32,clear sky
163,Liverpool,GB,53.4106,-2.9779,62.62,79,75,1.99,2021-07-26 01:24:10,broken clouds
164,Dargaville,NZ,-35.9333,173.8833,62.02,72,9,13.29,2021-07-26 01:25:33,light rain
165,Qaqortoq,GL,60.7167,-46.0333,46.9,70,100,2.1,2021-07-26 01:25:33,overcast clouds
166,Norman Wells,CA,65.282,-126.8329,71.64,56,75,13.8,2021-07-26 01:21:20,smoke
167,Grajewo,PL,53.6473,22.4554,63.91,72,100,6.89,2021-07-26 01:25:33,overcast clouds
168,Cidreira,BR,-30.1811,-50.2056,66.42,73,68,6.15,2021-07-26 01:25:34,broken clouds
169,Nouadhibou,MR,20.931,-17.0347,69.78,94,20,17.27,2021-07-26 01:25:34,few clouds
170,Chokurdakh,RU,70.6333,147.9167,52.45,46,43,8.66,2021-07-26 01:25:34,scattered clouds
171,Fukue,JP,32.6881,128.8419,82.76,74,75,9.22,2021-07-26 01:25:34,broken clouds
172,Tuktoyaktuk,CA,69.4541,-133.0374,48.2,87,75,9.22,2021-07-26 01:25:35,broken clouds
173,Uvira,CD,-3.4067,29.1458,69.58,72,30,3.04,2021-07-26 01:25:35,scattered clouds
174,Beringovskiy,RU,63.05,179.3167,50.34,92,99,5.64,2021-07-26 01:25:35,overcast clouds
175,Mbanza-Ngungu,CD,-5.25,14.8667,65.46,81,40,4.52,2021-07-26 01:25:35,scattered clouds
176,Uren,RU,57.4552,45.7852,54.91,65,97,4.12,2021-07-26 01:25:36,overcast clouds
177,Canarana,BR,-11.6847,-41.7689,62.2,63,0,6.93,2021-07-26 01:25:36,clear sky
178,Thompson,CA,55.7435,-97.8558,62.76,42,75,6.91,2021-07-26 01:20:42,broken clouds
179,Algarrobo,CO,10.1869,-74.5753,76.95,89,100,3.02,2021-07-26 01:25:36,overcast clouds
180,Pizhanka,RU,57.4604,48.542,55.71,56,100,6.53,2021-07-26 01:25:36,overcast clouds
181,Marienburg,PL,54.0359,19.0266,68.88,74,85,7.2,2021-07-26 01:25:37,overcast clouds
182,Masty,BY,53.4122,24.5387,62.51,75,100,7.67,2021-07-26 01:25:37,overcast clouds
183,Shalinskoye,RU,55.7228,93.7594,67.33,70,4,3.24,2021-07-26 01:25:37,clear sky
184,Maraa,BR,-1.8333,-65.3667,75.78,85,99,2.39,2021-07-26 01:25:37,overcast clouds
185,Natal,BR,-5.795,-35.2094,75.42,83,75,10.36,2021-07-26 01:25:38,broken clouds
186,Ambalavao,MG,-21.8333,46.9333,49.6,89,92,6.11,2021-07-26 01:25:38,overcast clouds
187,Mahanoro,MG,-19.9,48.8,62.92,87,100,10.76,2021-07-26 01:25:38,light rain
188,Madimba,TZ,-10.4,40.3333,69.73,65,60,14.56,2021-07-26 01:25:38,broken clouds
189,Ahipara,NZ,-35.1667,173.1667,59.97,82,46,14.76,2021-07-26 01:25:39,scattered clouds
190,Resistencia,AR,-27.4606,-58.9839,73.45,69,0,9.22,2021-07-26 01:25:39,clear sky
191,Victoria,HK,22.2855,114.1577,89.96,83,36,1.01,2021-07-26 01:25:39,scattered clouds
192,Vryburg,ZA,-26.9566,24.7284,35.13,54,15,5.91,2021-07-26 01:25:39,few clouds
193,Hamilton,US,39.1834,-84.5333,81.84,78,75,5.75,2021-07-26 01:25:40,broken clouds
194,Bellefontaine,US,40.3612,-83.7597,80.76,90,1,0.0,2021-07-26 01:24:59,clear sky
195,Vao,NC,-22.6667,167.4833,70.77,67,84,18.45,2021-07-26 01:21:17,broken clouds
196,Vila Franca Do Campo,PT,37.7167,-25.4333,68.41,86,59,7.2,2021-07-26 01:25:40,broken clouds
197,Jiuquan,CN,39.7432,98.5174,81.66,28,25,9.24,2021-07-26 01:25:40,scattered clouds
198,Kruisfontein,ZA,-34.0033,24.7314,55.09,33,100,10.4,2021-07-26 01:25:41,overcast clouds
199,Ostrovnoy,RU,68.0531,39.5131,45.36,85,76,17.47,2021-07-26 01:25:41,broken clouds
200,Breda,IT,45.7225,12.3308,76.28,85,0,3.44,2021-07-26 01:25:41,clear sky
201,Port Hawkesbury,CA,45.6169,-61.3485,66.58,79,90,3.0,2021-07-26 01:25:41,overcast clouds
202,Yaan,NG,7.3833,8.5667,70.12,93,100,5.82,2021-07-26 01:25:42,overcast clouds
203,Leshukonskoye,RU,64.8989,45.7622,46.62,80,100,5.19,2021-07-26 01:25:42,overcast clouds
204,Nabire,ID,-3.3667,135.4833,85.75,62,38,3.0,2021-07-26 01:25:42,scattered clouds
205,Kapiri Mposhi,ZM,-13.9652,28.6809,44.37,80,0,4.34,2021-07-26 01:25:43,clear sky
206,Gerede,TR,40.8008,32.1969,52.23,97,25,0.63,2021-07-26 01:25:43,scattered clouds
207,Pandan,PH,14.0453,124.1694,86.13,71,100,11.32,2021-07-26 01:25:43,overcast clouds
208,Sola,VU,-13.8833,167.55,80.31,78,21,10.94,2021-07-26 01:25:43,few clouds
209,Portland,US,45.5234,-122.6762,92.37,38,1,1.99,2021-07-26 01:21:23,clear sky
210,Narsaq,GL,60.9167,-46.05,46.62,62,100,2.15,2021-07-26 01:25:44,overcast clouds
211,Bengkulu,ID,-3.8004,102.2655,77.41,72,0,4.18,2021-07-26 01:20:46,clear sky
212,Iqaluit,CA,63.7506,-68.5145,49.73,81,75,5.99,2021-07-26 01:25:34,broken clouds
213,Saskylakh,RU,71.9167,114.0833,58.87,58,84,15.84,2021-07-26 01:25:44,broken clouds
214,Torres,BR,-29.3353,-49.7269,75.83,71,87,5.17,2021-07-26 01:25:26,overcast clouds
215,Oktyabrskiy,RU,54.4815,53.471,49.53,65,2,1.63,2021-07-26 01:25:44,clear sky
216,Fort-Shevchenko,KZ,44.5086,50.263,81.19,60,0,14.97,2021-07-26 01:25:45,clear sky
217,Derzhavinsk,KZ,51.1,66.3167,61.34,77,6,12.1,2021-07-26 01:25:45,clear sky
218,San Giustino,IT,43.5495,12.1736,80.38,54,67,4.88,2021-07-26 01:25:45,broken clouds
219,Port Alfred,ZA,-33.5906,26.891,59.83,32,71,11.41,2021-07-26 01:25:45,broken clouds
220,Merauke,ID,-8.4667,140.3333,81.61,64,100,8.55,2021-07-26 01:25:12,overcast clouds
221,Saint-Augustin,CA,51.226,-58.6502,60.82,67,100,11.97,2021-07-26 01:25:46,overcast clouds
222,Luena,AO,-11.7833,19.9167,49.68,58,3,5.59,2021-07-26 01:25:46,clear sky
223,Kahului,US,20.8947,-156.47,87.82,78,40,21.85,2021-07-26 01:25:46,scattered clouds
224,Torbay,CA,47.6666,-52.7314,56.57,93,90,11.5,2021-07-26 01:25:46,overcast clouds
225,Khani,GE,41.9563,42.9566,58.57,90,24,3.27,2021-07-26 01:25:47,few clouds
226,Praia,CV,14.9215,-23.5087,74.84,75,98,8.61,2021-07-26 01:25:47,overcast clouds
227,Fortuna,US,40.5982,-124.1573,98.47,92,90,11.5,2021-07-26 01:22:26,overcast clouds
228,Saldanha,ZA,-33.0117,17.9442,63.43,40,100,21.07,2021-07-26 01:25:47,overcast clouds
229,Rocha,UY,-34.4833,-54.3333,58.15,93,100,9.28,2021-07-26 01:25:47,overcast clouds
230,Shetpe,KZ,44.1667,52.1167,77.07,44,0,9.42,2021-07-26 01:25:48,clear sky
231,Kaitangata,NZ,-46.2817,169.8464,51.93,76,100,3.65,2021-07-26 01:25:48,overcast clouds
232,Padang,ID,-0.9492,100.3543,78.85,76,27,2.33,2021-07-26 01:25:48,scattered clouds
233,Bousso,TD,10.4795,16.7117,73.56,91,100,5.35,2021-07-26 01:25:49,overcast clouds
234,Sorland,NO,67.667,12.6934,53.73,86,100,5.06,2021-07-26 01:25:49,overcast clouds
235,Leh,IN,34.1667,77.5833,68.54,48,70,5.21,2021-07-26 01:25:49,broken clouds
236,Parrita,CR,9.5201,-84.3225,82.53,89,100,8.23,2021-07-26 01:25:49,overcast clouds
237,Asha,RU,54.9973,57.2722,47.23,75,5,1.41,2021-07-26 01:25:50,clear sky
238,Rivadavia,AR,-33.1905,-68.4608,48.67,41,0,9.62,2021-07-26 01:25:50,clear sky
239,Nome,US,64.5011,-165.4064,51.87,82,90,11.5,2021-07-26 01:21:18,moderate rain
240,Omboue,GA,-1.5746,9.2618,73.06,83,97,4.09,2021-07-26 01:25:50,overcast clouds
241,Port Blair,IN,11.6667,92.75,82.56,84,98,19.19,2021-07-26 01:25:50,overcast clouds
242,Codrington,AU,-38.2667,141.9667,56.23,85,100,17.13,2021-07-26 01:25:51,overcast clouds
243,Nanortalik,GL,60.1432,-45.2371,44.33,75,100,10.02,2021-07-26 01:25:51,overcast clouds
244,Yatou,CN,37.15,122.3833,84.13,66,61,10.78,2021-07-26 01:25:51,light rain
245,Touros,BR,-5.1989,-35.4608,74.3,86,0,10.42,2021-07-26 01:25:51,clear sky
246,Gat,IL,31.61,34.7642,79.48,83,13,4.56,2021-07-26 01:25:52,few clouds
247,Santa Cruz Do Rio Pardo,BR,-22.8989,-49.6325,62.74,37,0,4.7,2021-07-26 01:25:52,clear sky
248,Ixtapa,MX,20.7,-105.2,87.22,74,75,11.5,2021-07-26 01:25:52,broken clouds
249,Mapastepec,MX,15.4333,-92.9,79.77,85,41,0.81,2021-07-26 01:25:52,scattered clouds
250,Saint George,US,37.1041,-113.5841,82.26,62,20,1.99,2021-07-26 01:25:28,few clouds
251,Madang,PG,-5.2246,145.7966,83.75,68,69,3.49,2021-07-26 01:25:53,broken clouds
252,Kapuskasing,CA,49.4169,-82.4331,60.89,100,75,8.05,2021-07-26 01:23:26,broken clouds
253,Lavumisa,SZ,-27.31,31.892,51.01,93,0,2.62,2021-07-26 01:25:53,clear sky
254,Praya,CV,14.9215,-23.5087,74.84,75,98,8.61,2021-07-26 01:25:53,overcast clouds
255,Chifeng,CN,42.2683,118.9636,80.6,58,100,11.86,2021-07-26 01:25:53,moderate rain
256,Karpathos,GR,35.507,27.2132,75.7,86,1,15.21,2021-07-26 01:25:54,clear sky
257,Beloha,MG,-25.1667,45.05,59.25,73,1,9.89,2021-07-26 01:25:54,clear sky
258,Cap Malheureux,MU,-19.9842,57.6142,70.29,59,0,15.97,2021-07-26 01:22:25,clear sky
259,Tayoltita,MX,24.0833,-105.9333,73.9,91,100,3.04,2021-07-26 01:25:54,overcast clouds
260,Kieta,PG,-6.2167,155.6333,83.95,71,24,3.96,2021-07-26 01:21:55,light rain
261,Mongo,TD,12.1844,18.693,73.56,87,100,0.67,2021-07-26 01:25:55,overcast clouds
262,Los Llanos De Aridane,ES,28.6585,-17.9182,67.75,91,90,14.97,2021-07-26 01:25:55,overcast clouds
263,Cantanhede,BR,-3.6333,-44.3767,74.16,63,5,1.19,2021-07-26 01:25:55,clear sky
264,Kutum,SD,14.2,24.6667,72.28,73,100,5.39,2021-07-26 01:25:55,overcast clouds
265,Maroantsetra,MG,-15.4333,49.7333,68.22,84,96,8.48,2021-07-26 01:25:56,light rain
266,Vardo,NO,70.3705,31.1107,45.66,77,59,20.78,2021-07-26 01:21:34,broken clouds
267,Kimberley,ZA,-28.7323,24.7623,40.69,42,92,8.05,2021-07-26 01:25:56,overcast clouds
268,Tecoanapa,MX,16.5167,-98.75,83.41,79,25,9.04,2021-07-26 01:25:56,scattered clouds
269,Severo-Kurilsk,RU,50.6789,156.125,58.39,89,76,1.52,2021-07-26 01:25:56,broken clouds
270,Daru,PG,-9.0763,143.2092,78.19,78,100,15.35,2021-07-26 01:25:57,overcast clouds
271,Hillsborough,US,37.5741,-122.3794,90.16,69,75,18.41,2021-07-26 01:25:57,broken clouds
272,Naberera,TZ,-4.2,36.9333,53.19,62,90,7.02,2021-07-26 01:25:57,overcast clouds
273,Limon,CR,10.0,-83.0333,78.66,81,100,3.18,2021-07-26 01:25:57,overcast clouds
274,Lakatoro,VU,-16.0999,167.4164,83.14,70,83,5.82,2021-07-26 01:25:58,broken clouds
275,Yanggu,CN,36.1106,115.7753,84.6,64,6,6.89,2021-07-26 01:25:58,clear sky
276,Wairoa,NZ,-39.0333,177.3667,58.55,68,100,11.01,2021-07-26 01:25:58,light rain
277,Abha,SA,18.2164,42.5053,64.22,88,0,0.0,2021-07-26 01:25:58,clear sky
278,Hobyo,SO,5.3505,48.5268,75.67,76,77,24.56,2021-07-26 01:25:59,broken clouds
279,Mount Gambier,AU,-37.8333,140.7667,53.51,94,75,18.41,2021-07-26 01:21:25,broken clouds
280,Pevek,RU,69.7008,170.3133,35.96,88,82,9.46,2021-07-26 01:25:59,broken clouds
281,Kushima,JP,31.4583,131.2333,86.04,84,100,8.97,2021-07-26 01:25:59,overcast clouds
282,Pouebo,NC,-20.4,164.5667,78.57,49,28,1.97,2021-07-26 01:25:59,scattered clouds
283,Tilichiki,RU,60.4667,166.1,58.66,85,100,8.1,2021-07-26 01:26:00,overcast clouds
284,Kavieng,PG,-2.5744,150.7967,83.17,70,40,4.14,2021-07-26 01:26:00,scattered clouds
285,Buluang,PH,13.3068,123.3425,83.39,82,100,13.85,2021-07-26 01:26:00,overcast clouds
286,Doha,QA,25.2867,51.5333,95.31,64,17,2.3,2021-07-26 01:24:32,few clouds
287,Sibolga,ID,1.7427,98.7792,80.56,74,12,1.59,2021-07-26 01:22:41,few clouds
288,Batticaloa,LK,7.7102,81.6924,81.59,72,100,4.41,2021-07-26 01:26:01,overcast clouds
289,Groa,NO,62.65,8.7167,55.49,71,11,6.04,2021-07-26 01:26:01,few clouds
290,Port Moresby,PG,-9.4431,147.1797,81.77,72,95,12.91,2021-07-26 01:26:00,light rain
291,Belmonte,BR,-15.8631,-38.8828,68.5,86,62,7.27,2021-07-26 01:26:01,broken clouds
292,Constitucion,CL,-35.3333,-72.4167,50.47,93,100,10.18,2021-07-26 01:26:02,overcast clouds
293,Lazaro Cardenas,MX,17.9583,-102.2,82.9,82,88,6.78,2021-07-26 01:26:02,overcast clouds
294,Qinhuangdao,CN,39.9317,119.5883,81.75,76,100,8.03,2021-07-26 01:26:02,overcast clouds
295,Virginia Beach,US,36.8529,-75.978,84.27,73,75,9.22,2021-07-26 01:24:57,broken clouds
296,Clyde River,CA,70.4692,-68.5914,35.83,93,90,3.44,2021-07-26 01:26:03,light rain
297,Quatre Cocos,MU,-20.2078,57.7625,69.91,61,5,12.01,2021-07-26 01:26:03,clear sky
298,Ous,RU,60.9058,61.5186,52.56,71,100,4.9,2021-07-26 01:26:03,overcast clouds
299,Sakakah,SA,29.9697,40.2064,92.77,23,14,0.87,2021-07-26 01:26:03,few clouds
300,Souillac,MU,-20.5167,57.5167,70.18,64,75,10.36,2021-07-26 01:26:04,broken clouds
301,Imbituba,BR,-28.24,-48.6703,66.09,75,13,7.72,2021-07-26 01:26:04,few clouds
302,Hami,CN,42.8,93.45,87.84,18,4,12.06,2021-07-26 01:26:04,clear sky
303,Uzhur,RU,55.3036,89.8339,68.43,83,100,1.48,2021-07-26 01:26:04,light rain
304,Kishi,NG,9.0833,3.85,72.9,80,96,6.38,2021-07-26 01:26:05,overcast clouds
305,Canto Do Buriti,BR,-8.11,-42.9444,74.07,54,6,8.08,2021-07-26 01:26:05,clear sky
306,Udachnyy,RU,66.4167,112.4,81.12,46,6,15.23,2021-07-26 01:26:05,clear sky
307,Ust-Abakan,RU,53.8525,91.3742,69.71,83,0,6.71,2021-07-26 01:26:05,clear sky
308,Sanmenxia,CN,34.7747,111.1814,82.0,68,99,0.87,2021-07-26 01:26:06,overcast clouds
309,Sinaloa,MX,25.0,-107.5,90.05,64,6,1.01,2021-07-26 01:24:13,clear sky
310,Tabriz,IR,38.08,46.2919,74.66,60,0,11.5,2021-07-26 01:24:15,clear sky
311,Posse,BR,-14.0931,-46.3694,67.3,47,0,9.4,2021-07-26 01:26:06,clear sky
312,Walvis Bay,NA,-22.9575,14.5053,72.55,26,93,18.41,2021-07-26 01:26:06,overcast clouds
313,Shu,KZ,43.5983,73.7614,79.56,20,0,8.03,2021-07-26 01:26:07,clear sky
314,Bambous Virieux,MU,-20.3428,57.7575,70.05,64,75,10.36,2021-07-26 01:26:07,broken clouds
315,Baykit,RU,61.67,96.37,78.28,51,69,3.29,2021-07-26 01:26:07,broken clouds
316,Vikhorevka,RU,56.1201,101.1636,74.79,49,100,5.23,2021-07-26 01:26:07,overcast clouds
317,Springfield,US,37.2153,-93.2982,80.42,88,1,1.01,2021-07-26 01:21:34,clear sky
318,Atambua,ID,-9.1061,124.8925,80.04,43,97,4.43,2021-07-26 01:26:08,overcast clouds
319,Nieuw Nickerie,SR,5.95,-56.9833,79.3,76,100,7.7,2021-07-26 01:26:08,overcast clouds
320,Aitape,PG,-3.1374,142.3475,83.17,65,87,3.74,2021-07-26 01:23:11,overcast clouds
321,Conakry,GN,9.538,-13.6773,77.32,84,96,3.47,2021-07-26 01:26:08,overcast clouds
322,Soe,ID,-9.8607,124.284,77.32,36,25,6.58,2021-07-26 01:26:09,scattered clouds
323,Kristianstad,SE,56.0313,14.1524,67.35,90,100,1.99,2021-07-26 01:26:09,overcast clouds
324,Porbandar,IN,21.6422,69.6093,79.57,87,100,20.2,2021-07-26 01:26:09,overcast clouds
325,Shimoda,JP,34.6667,138.95,84.11,75,35,9.46,2021-07-26 01:26:09,scattered clouds
326,Buin,CL,-33.7333,-70.75,54.73,95,74,1.72,2021-07-26 01:26:10,broken clouds
327,Presidencia Roque Saenz Pena,AR,-26.7852,-60.4388,72.3,51,100,7.76,2021-07-26 01:26:10,overcast clouds
328,Mangaluru,IN,12.8667,74.8833,76.06,100,90,0.0,2021-07-26 01:26:10,moderate rain
329,Taicheng,CN,38.731,113.228,72.75,77,95,3.0,2021-07-26 01:26:11,overcast clouds
330,Sao Joao Do Piaui,BR,-8.3581,-42.2467,75.79,52,4,10.11,2021-07-26 01:26:11,clear sky
331,Santa Cruz,BO,-17.8,-63.1667,76.46,69,20,11.5,2021-07-26 01:26:11,few clouds
332,Chapais,CA,49.7834,-74.8492,56.98,84,86,5.32,2021-07-26 01:26:11,overcast clouds
333,Hasaki,JP,35.7333,140.8333,86.29,67,99,20.78,2021-07-26 01:26:11,overcast clouds
334,Lagoa,PT,39.05,-27.9833,68.97,84,7,11.63,2021-07-26 01:26:12,clear sky
335,Veraval,IN,20.9,70.3667,78.94,94,100,20.33,2021-07-26 01:26:12,moderate rain
336,Itinga,BR,-16.6131,-41.7653,63.39,85,0,4.32,2021-07-26 01:26:12,clear sky
337,Cockburn Town,TC,21.4612,-71.1419,81.93,82,100,16.49,2021-07-26 01:26:13,overcast clouds
338,Urucara,BR,-2.5364,-57.76,76.93,63,39,3.62,2021-07-26 01:26:13,scattered clouds
339,Inhambane,MZ,-23.865,35.3833,66.11,58,100,11.92,2021-07-26 01:26:13,overcast clouds
340,Zemio,CF,5.0314,25.1361,68.02,99,100,0.69,2021-07-26 01:26:13,light rain
341,Asfi,MA,32.2994,-9.2372,68.67,90,0,13.29,2021-07-26 01:22:20,clear sky
342,Ornskoldsvik,SE,63.2909,18.7153,58.82,94,75,0.0,2021-07-26 01:26:14,broken clouds
343,Cherskiy,RU,68.75,161.3,54.52,47,0,12.37,2021-07-26 01:26:14,clear sky
344,Ambilobe,MG,-13.2,49.05,60.03,84,34,3.4,2021-07-26 01:26:14,scattered clouds
345,Luau,AO,-10.7073,22.2247,59.36,42,10,8.25,2021-07-26 01:22:19,clear sky
346,Mabaruma,GY,8.2,-59.7833,72.14,99,99,2.39,2021-07-26 01:26:14,overcast clouds
347,Shar,KZ,49.5886,81.0453,78.35,45,56,5.61,2021-07-26 01:26:15,broken clouds
348,Humberto De Campos,BR,-2.5983,-43.4611,75.02,84,0,3.94,2021-07-26 01:26:15,clear sky
349,Tecolutla,MX,20.4833,-97.0167,81.81,74,0,8.3,2021-07-26 01:26:15,clear sky
350,Veliki Preslav,BG,43.1667,26.8167,60.48,75,0,0.81,2021-07-26 01:26:15,clear sky
351,Ardmore,US,34.1743,-97.1436,91.65,66,1,3.0,2021-07-26 01:22:13,clear sky
352,Krasnoselkup,RU,65.7,82.4667,58.1,78,100,9.46,2021-07-26 01:22:02,overcast clouds
353,Honningsvag,NO,70.9821,25.9704,45.75,74,99,11.86,2021-07-26 01:26:16,overcast clouds
354,Morgan City,US,29.6994,-91.2068,85.05,89,75,0.0,2021-07-26 01:26:16,broken clouds
355,Ketchikan,US,55.3422,-131.6461,63.07,67,75,10.36,2021-07-26 01:26:16,light rain
356,Tombouctou,ML,20.0,-3.0,94.53,25,20,8.05,2021-07-26 01:26:16,few clouds
357,Kloulklubed,PW,7.0419,134.2556,81.1,78,100,16.67,2021-07-26 01:26:17,moderate rain
358,Port Macquarie,AU,-31.4333,152.9167,66.38,38,0,5.01,2021-07-26 01:21:59,clear sky
359,Adrar,MR,20.5022,-10.0711,90.39,14,0,8.41,2021-07-26 01:26:17,clear sky
360,Ypsonas,CY,34.6884,32.9574,77.99,88,0,5.75,2021-07-26 01:26:17,clear sky
361,Mogadishu,SO,2.0371,45.3438,76.26,77,7,20.56,2021-07-26 01:24:11,clear sky
362,Namibe,AO,-15.1961,12.1522,68.67,67,0,6.69,2021-07-26 01:26:18,clear sky
363,Makarska,HR,43.2969,17.0178,84.34,46,100,12.57,2021-07-26 01:26:18,overcast clouds
364,Kamenka,RU,51.3223,42.7678,58.6,62,6,3.15,2021-07-26 01:26:18,clear sky
365,Chicama,PE,-7.8447,-79.1469,64.94,85,17,6.08,2021-07-26 01:26:18,few clouds
366,Batsfjord,NO,70.6345,29.7185,44.76,87,98,17.22,2021-07-26 01:26:19,overcast clouds
367,Pangnirtung,CA,66.1451,-65.7125,50.47,90,100,3.22,2021-07-26 01:22:44,overcast clouds
368,Kiunga,PG,-6.1219,141.2906,71.94,98,100,3.85,2021-07-26 01:26:19,overcast clouds
369,Fairbanks,US,64.8378,-147.7164,71.1,53,90,1.99,2021-07-26 01:25:52,overcast clouds
370,College,US,64.8569,-147.8028,71.26,52,75,3.44,2021-07-26 01:24:26,broken clouds
371,Buraydah,SA,26.326,43.975,91.85,19,11,4.83,2021-07-26 01:26:19,few clouds
372,Bud,US,39.447,-86.1758,82.38,80,76,4.23,2021-07-26 01:26:19,broken clouds
373,Gushikawa,JP,26.3544,127.8686,83.79,92,90,13.8,2021-07-26 01:26:20,overcast clouds
374,Rincon,US,32.296,-81.2354,81.86,82,40,11.5,2021-07-26 01:26:20,scattered clouds
375,Iskateley,RU,67.6803,53.1512,41.43,91,77,15.03,2021-07-26 01:26:20,broken clouds
376,Takoradi,GH,4.8845,-1.7554,74.17,80,81,8.28,2021-07-26 01:26:20,broken clouds
377,Anloga,GH,5.7947,0.8973,77.22,78,100,13.2,2021-07-26 01:26:21,overcast clouds
378,Big Bend,SZ,-26.8167,31.9333,51.73,93,0,2.01,2021-07-26 01:26:21,clear sky
379,Nantucket,US,41.2835,-70.0995,73.99,89,90,16.11,2021-07-26 01:23:06,overcast clouds
380,Santa Isabel Do Rio Negro,BR,-0.4139,-65.0192,73.06,97,100,2.71,2021-07-26 01:26:21,overcast clouds
381,Slave Lake,CA,55.2834,-114.769,69.78,52,75,4.61,2021-07-26 01:22:34,broken clouds
382,Aden,YE,12.7794,45.0367,82.72,77,13,10.87,2021-07-26 01:22:27,few clouds
383,Tres Arroyos,AR,-38.3739,-60.2798,41.68,67,0,7.31,2021-07-26 01:26:22,clear sky
384,Araguacu,BR,-12.9306,-49.8264,74.59,40,6,3.76,2021-07-26 01:26:22,clear sky
385,Gamba,GA,-2.65,10.0,69.78,93,100,1.54,2021-07-26 01:26:22,overcast clouds
386,Paros,GR,37.0833,25.15,77.31,72,0,14.97,2021-07-26 01:26:22,clear sky
387,Katangli,RU,51.7102,143.2326,82.76,61,100,12.3,2021-07-26 01:26:23,overcast clouds
388,Byron Bay,AU,-28.65,153.6167,66.15,36,6,3.56,2021-07-26 01:26:23,clear sky
389,Cabedelo,BR,-6.9811,-34.8339,72.27,87,19,12.86,2021-07-26 01:25:46,few clouds
390,Acapulco,MX,16.8634,-99.8901,84.02,79,75,11.5,2021-07-26 01:26:23,broken clouds
391,Olafsvik,IS,64.8945,-23.7142,48.97,90,100,22.97,2021-07-26 01:26:23,moderate rain
392,Nelson Bay,AU,-32.7167,152.15,64.76,54,0,4.0,2021-07-26 01:26:24,clear sky
393,Batagay-Alyta,RU,67.8006,130.4114,64.18,56,100,2.46,2021-07-26 01:26:24,overcast clouds
394,Russkaya Polyana,UA,49.417,31.9201,69.96,61,98,3.78,2021-07-26 01:26:24,overcast clouds
395,Maldonado,UY,-34.6667,-54.9167,58.39,95,100,6.87,2021-07-26 01:26:24,overcast clouds
396,Kismayo,SO,-0.3582,42.5454,75.0,78,87,21.47,2021-07-26 01:25:35,light rain
397,Malinovskiy,RU,61.1953,62.8397,52.79,71,100,5.41,2021-07-26 01:26:25,overcast clouds
398,Richards Bay,ZA,-28.783,32.0377,55.13,85,0,6.76,2021-07-26 01:21:49,clear sky
399,Tabou,CI,4.423,-7.3528,76.05,76,28,7.09,2021-07-26 01:26:25,scattered clouds
400,Alofi,NU,-19.0595,-169.9187,82.29,69,6,5.75,2021-07-26 01:26:25,clear sky
401,Bada,RU,51.392,109.8717,66.02,58,95,4.34,2021-07-26 01:26:26,overcast clouds
402,Lucea,JM,18.451,-78.1736,80.46,73,15,2.28,2021-07-26 01:26:26,few clouds
403,Zaton,RU,53.2936,83.8072,74.79,64,0,4.47,2021-07-26 01:26:26,clear sky
404,Muisne,EC,0.6,-80.0333,75.67,84,100,9.31,2021-07-26 01:26:26,overcast clouds
405,Sampit,ID,-2.5333,112.95,79.36,73,0,2.91,2021-07-26 01:26:27,clear sky
406,Panzhihua,CN,26.5851,101.7128,74.97,77,55,1.48,2021-07-26 01:26:27,broken clouds
407,Goundam,ML,16.4145,-3.6708,91.49,43,6,9.89,2021-07-26 01:26:27,clear sky
408,Tulun,RU,54.5611,100.5792,69.69,54,9,4.61,2021-07-26 01:26:27,clear sky
409,Huejuquilla El Alto,MX,22.6,-103.8667,67.17,70,70,2.66,2021-07-26 01:26:28,broken clouds
410,Fairlie,GB,55.756,-4.8556,59.4,79,100,1.54,2021-07-26 01:26:28,overcast clouds
411,Baracoa,CU,20.3467,-74.4958,80.44,87,4,2.33,2021-07-26 01:26:28,clear sky
412,Sayat,TM,38.7839,63.8803,84.07,14,0,22.79,2021-07-26 01:26:28,clear sky
413,Monte Patria,CL,-30.6919,-70.9467,51.8,72,0,1.77,2021-07-26 01:26:29,clear sky
414,Umm Lajj,SA,25.0213,37.2685,84.81,57,6,9.6,2021-07-26 01:26:29,clear sky
415,Wattegama,LK,6.7989,81.4808,76.12,77,43,6.8,2021-07-26 01:26:29,scattered clouds
416,Brae,GB,60.3964,-1.353,55.31,94,0,5.21,2021-07-26 01:26:29,clear sky
417,Marawi,PH,7.9986,124.2928,81.64,62,94,5.19,2021-07-26 01:26:30,overcast clouds
418,Mahendragarh,IN,28.2833,76.15,87.22,65,100,7.49,2021-07-26 01:26:30,overcast clouds
419,Cravo Norte,CO,6.3017,-70.2041,75.45,90,17,4.59,2021-07-26 01:26:30,few clouds
420,Maniwaki,CA,46.3834,-75.966,66.74,94,40,5.75,2021-07-26 01:26:31,scattered clouds
421,Bosaso,SO,11.2842,49.1816,87.04,40,96,25.84,2021-07-26 01:26:31,overcast clouds
422,Aras,ES,42.5617,-2.356,63.01,68,90,1.14,2021-07-26 01:26:31,overcast clouds
423,Ulladulla,AU,-35.35,150.4667,62.87,53,50,12.95,2021-07-26 01:25:57,scattered clouds
424,Acajutla,SV,13.5928,-89.8275,81.3,79,100,3.71,2021-07-26 01:26:31,overcast clouds
425,Balkanabat,TM,39.5108,54.3671,81.41,75,0,3.94,2021-07-26 01:26:32,clear sky
426,Biak,ID,-0.9131,122.8766,79.65,74,73,6.11,2021-07-26 01:26:32,broken clouds
427,Vavuniya,LK,8.7514,80.4971,79.16,79,100,8.63,2021-07-26 01:26:32,overcast clouds
428,Dayong,CN,25.0209,118.2898,91.08,60,99,5.26,2021-07-26 01:26:32,light rain
429,Comodoro Rivadavia,AR,-45.8667,-67.5,42.66,52,0,8.05,2021-07-26 01:22:20,clear sky
430,Vostok,RU,46.4856,135.8833,88.45,49,85,1.23,2021-07-26 01:26:01,overcast clouds
431,Vagur,FO,61.4732,-6.8119,52.29,90,100,6.82,2021-07-26 01:26:33,overcast clouds
432,Kurchum,KZ,48.5722,83.6542,75.31,43,93,4.07,2021-07-26 01:26:33,overcast clouds
433,Nyrob,RU,60.733,56.7202,51.03,74,100,3.87,2021-07-26 01:26:33,overcast clouds
434,Canaries,ES,28.0,-15.5,65.39,68,20,24.16,2021-07-26 01:26:34,few clouds
435,Banda Aceh,ID,5.5577,95.3222,80.98,79,100,9.8,2021-07-26 01:26:28,overcast clouds
436,Gorodovikovsk,RU,46.0878,41.9335,72.01,51,17,7.05,2021-07-26 01:26:34,few clouds
437,Vieux-Habitants,GP,16.0589,-61.7659,80.17,84,100,11.54,2021-07-26 01:26:34,overcast clouds
438,Severnoye,RU,56.3491,78.3619,63.66,97,43,9.84,2021-07-26 01:26:34,scattered clouds
439,Kalutara,LK,6.5831,79.9593,82.49,89,98,10.07,2021-07-26 01:26:35,overcast clouds
440,Sistranda,NO,63.7256,8.834,54.9,95,37,10.51,2021-07-26 01:26:35,scattered clouds
441,Jamkhed,IN,18.7362,75.3121,73.2,87,100,12.46,2021-07-26 01:26:35,overcast clouds
442,Greenwood,US,34.1668,-82.1165,83.64,86,1,0.0,2021-07-26 01:26:35,clear sky
443,Aksarayskiy,RU,46.7924,48.0119,71.55,36,0,5.91,2021-07-26 01:26:36,clear sky
444,Mount Pleasant,US,32.7941,-79.8626,82.0,85,20,1.01,2021-07-26 01:23:49,few clouds
445,La Paz,BO,-16.5,-68.15,39.18,55,40,5.75,2021-07-26 01:22:57,scattered clouds
446,Burnie,AU,-41.0667,145.9167,52.92,90,100,14.25,2021-07-26 01:26:36,overcast clouds
447,Awbari,LY,26.5921,12.7805,79.72,21,0,9.04,2021-07-26 01:26:36,clear sky
448,Amapa,BR,1.0,-52.0,71.2,96,16,2.53,2021-07-26 01:26:36,few clouds
449,Asuncion,PY,-25.3007,-57.6359,74.89,60,0,4.61,2021-07-26 01:24:59,clear sky
450,Bemidji,US,47.4736,-94.8803,80.69,43,1,6.91,2021-07-26 01:25:24,clear sky
451,Santa Vitoria Do Palmar,BR,-33.5189,-53.3681,59.79,94,0,5.41,2021-07-26 01:26:37,clear sky
452,San Isidro,PE,-12.1167,-77.05,62.26,89,90,3.0,2021-07-26 01:26:37,overcast clouds
453,Bathsheba,BB,13.2167,-59.5167,79.41,89,75,13.8,2021-07-26 01:26:37,broken clouds
454,Shimsk,RU,58.212,30.7127,56.17,76,15,3.24,2021-07-26 01:26:38,few clouds
455,Dongsheng,CN,39.8161,109.9776,72.63,55,100,14.88,2021-07-26 01:26:38,overcast clouds
456,Hurricane,US,37.1753,-113.2899,85.41,53,100,10.56,2021-07-26 01:24:12,overcast clouds
457,Coihaique,CL,-45.5752,-72.0662,31.95,80,0,3.44,2021-07-26 01:22:17,clear sky
458,Broken Hill,AU,-31.95,141.4333,56.91,54,0,12.66,2021-07-26 01:25:54,clear sky
459,Waipawa,NZ,-41.4122,175.5153,53.02,87,100,13.69,2021-07-26 01:26:38,moderate rain
460,Ossora,RU,59.2353,163.0719,60.78,88,100,5.41,2021-07-26 01:26:38,overcast clouds
461,San Cristobal,VE,7.7669,-72.225,69.98,99,98,2.51,2021-07-26 01:26:39,overcast clouds
462,Gorontalo,ID,0.5412,123.0595,84.47,69,52,7.65,2021-07-26 01:26:39,broken clouds
463,Nishihara,JP,26.1842,127.7558,83.86,95,90,8.05,2021-07-26 01:26:39,overcast clouds
464,Rypefjord,NO,70.6333,23.6667,45.07,87,75,5.75,2021-07-26 01:26:39,drizzle
465,Xai-Xai,MZ,-25.0519,33.6442,61.47,68,42,7.52,2021-07-26 01:26:40,scattered clouds
466,Nelidovo,RU,56.2211,32.7774,55.36,85,7,2.39,2021-07-26 01:26:40,clear sky
467,Male,MV,4.1748,73.5089,80.55,89,90,11.5,2021-07-26 01:26:40,overcast clouds
468,Whitehorse,CA,60.7161,-135.0538,69.03,37,75,4.0,2021-07-26 01:25:53,broken clouds
469,Vargem Alta,BR,-20.6714,-41.0069,55.09,87,1,4.23,2021-07-26 01:26:40,clear sky
470,Mlonggo,ID,-6.5333,110.7,80.49,57,1,3.24,2021-07-26 01:26:41,clear sky
471,Lavrentiya,RU,65.5833,-171.0,44.46,98,100,2.28,2021-07-26 01:26:41,light rain
472,Mansfield,GB,53.1333,-1.2,61.39,88,99,1.68,2021-07-26 01:21:48,overcast clouds
473,Nyalikungu,TZ,-3.1833,33.7833,60.12,54,100,11.25,2021-07-26 01:26:41,overcast clouds
474,Yenagoa,NG,4.9247,6.2642,72.12,84,76,4.45,2021-07-26 01:26:42,broken clouds
475,Galesong,ID,-5.3166,119.3661,78.82,55,7,2.73,2021-07-26 01:26:42,clear sky
476,Whitianga,NZ,-36.8333,175.7,62.02,91,26,11.21,2021-07-26 01:26:42,scattered clouds
477,Baturyn,UA,51.3457,32.8779,60.48,78,7,5.64,2021-07-26 01:26:42,clear sky
478,Puerto Berrio,CO,6.4916,-74.4033,74.39,95,100,1.86,2021-07-26 01:26:43,overcast clouds
479,Provideniya,RU,64.3833,-173.3,48.31,87,90,4.47,2021-07-26 01:22:41,overcast clouds
480,Senanga,ZM,-16.1167,23.2667,46.99,72,0,5.57,2021-07-26 01:26:43,clear sky
481,Ahrensburg,DE,53.6833,10.25,64.63,92,0,5.75,2021-07-26 01:26:43,clear sky
482,Coruripe,BR,-10.1256,-36.1756,72.41,89,55,10.78,2021-07-26 01:26:43,broken clouds
483,Wagar,SD,16.1525,36.2032,79.09,76,51,13.94,2021-07-26 01:26:44,broken clouds
484,Rapar,IN,23.5667,70.6333,80.83,86,100,16.6,2021-07-26 01:26:44,overcast clouds
485,Duku,NG,11.2361,4.9073,73.98,92,100,3.2,2021-07-26 01:26:44,light rain
486,Bama,NG,11.5221,13.6856,76.98,78,100,9.89,2021-07-26 01:26:44,overcast clouds
487,Sao Raimundo Nonato,BR,-9.0153,-42.6994,71.92,59,4,6.8,2021-07-26 01:26:45,clear sky
488,Coahuayana,MX,18.7333,-103.6833,81.88,82,44,2.91,2021-07-26 01:22:10,scattered clouds
489,Port Lincoln,AU,-34.7333,135.8667,58.17,74,67,20.45,2021-07-26 01:23:49,broken clouds
490,Korla,CN,41.7597,86.1469,88.7,12,0,8.16,2021-07-26 01:26:45,clear sky
491,Noumea,NC,-22.2763,166.4572,78.78,99,99,11.12,2021-07-26 01:26:45,overcast clouds
492,Myski,RU,53.709,87.8014,67.96,79,25,3.58,2021-07-26 01:26:46,scattered clouds
493,Santa Fe,AR,-31.6333,-60.7,57.0,83,0,1.99,2021-07-26 01:26:46,clear sky
494,Tazmalt,DZ,36.3868,4.3989,82.62,40,99,0.34,2021-07-26 01:26:46,overcast clouds
495,Raudeberg,NO,61.9875,5.1352,63.19,88,100,7.67,2021-07-26 01:26:46,overcast clouds
496,Antsohihy,MG,-14.8796,47.9875,68.09,60,7,10.8,2021-07-26 01:26:47,clear sky
497,Izumo,JP,35.3667,132.7667,87.75,66,20,4.61,2021-07-26 01:26:47,few clouds
498,Kawalu,ID,-7.3817,108.2082,73.98,76,10,2.13,2021-07-26 01:26:47,clear sky
499,Haines Junction,CA,60.7522,-137.5108,64.35,45,100,9.22,2021-07-26 01:26:47,overcast clouds
500,Paamiut,GL,61.994,-49.6678,45.05,71,100,2.8,2021-07-26 01:26:48,overcast clouds
501,Puerto Cabezas,NI,14.0351,-83.3888,78.28,84,100,8.28,2021-07-26 01:26:48,overcast clouds
502,Hegang,CN,47.4,130.3667,75.43,80,99,2.73,2021-07-26 01:26:48,overcast clouds
503,Odessa,UA,46.4775,30.7326,66.13,88,0,6.71,2021-07-26 01:26:48,clear sky
504,Iguai,BR,-14.7564,-40.0892,62.96,91,52,1.59,2021-07-26 01:26:49,broken clouds
505,Da Nang,VN,16.0678,108.2208,89.65,55,40,2.3,2021-07-26 01:21:54,scattered clouds
506,Tugdan,PH,12.3134,122.0853,83.73,80,100,22.3,2021-07-26 01:26:49,overcast clouds
507,Esmeraldas,BR,-19.7625,-44.3139,63.46,54,0,5.08,2021-07-26 01:26:49,clear sky
508,Hay River,CA,60.8156,-115.7999,60.78,55,20,8.05,2021-07-26 01:26:49,few clouds
509,Buala,SB,-8.145,159.5921,85.12,70,18,7.7,2021-07-26 01:26:50,few clouds
510,Verkhoyansk,RU,67.5447,133.385,67.17,49,100,2.42,2021-07-26 01:26:50,overcast clouds
511,Siero,ES,43.3833,-5.6667,63.3,90,76,2.89,2021-07-26 01:26:50,broken clouds
512,Manokwari,ID,-0.8667,134.0833,83.23,65,100,2.84,2021-07-26 01:22:39,overcast clouds
513,Elesbao Veloso,BR,-6.2019,-42.1403,70.59,35,3,4.07,2021-07-26 01:26:50,clear sky
514,Nieuw Amsterdam,SR,5.8833,-55.0833,78.03,90,100,7.23,2021-07-26 01:26:51,overcast clouds
515,Towada,JP,40.6127,141.2067,83.88,52,0,9.37,2021-07-26 01:26:51,clear sky
516,La Sarre,CA,48.8002,-79.1996,62.94,73,75,4.65,2021-07-26 01:26:51,heavy intensity rain
517,Srednekolymsk,RU,67.45,153.6833,55.76,41,54,15.68,2021-07-26 01:26:51,broken clouds
518,Berdigestyakh,RU,62.0989,126.6992,74.5,39,0,7.16,2021-07-26 01:26:52,clear sky
519,Rio Bravo,MX,25.9833,-98.1,89.08,59,0,13.51,2021-07-26 01:26:52,clear sky
520,Prado,BR,-17.3411,-39.2208,68.59,86,13,7.4,2021-07-26 01:26:52,few clouds
521,Reconquista,AR,-29.15,-59.65,63.25,75,100,9.19,2021-07-26 01:26:52,overcast clouds
522,Berbera,SO,10.4396,45.0143,88.05,39,99,32.7,2021-07-26 01:26:53,overcast clouds
523,Kalundborg,DK,55.6795,11.0886,66.94,91,100,14.74,2021-07-26 01:26:53,overcast clouds
524,Darnah,LY,32.767,22.6367,77.85,68,0,17.92,2021-07-26 01:26:53,clear sky
525,Sayyan,YE,15.1718,44.3244,60.44,75,90,1.83,2021-07-26 01:26:53,overcast clouds
526,Gaeta,IT,41.2183,13.5628,79.86,47,89,3.91,2021-07-26 01:26:54,overcast clouds
527,Havre-Saint-Pierre,CA,50.2334,-63.5986,62.96,77,1,11.5,2021-07-26 01:26:54,clear sky
528,Roald,NO,62.5833,6.1333,64.33,94,20,10.36,2021-07-26 01:26:54,few clouds
529,Estepa,ES,37.2926,-4.879,73.62,65,0,6.08,2021-07-26 01:26:54,clear sky
530,Svetlyy,RU,54.675,20.1347,62.65,73,100,9.86,2021-07-26 01:26:55,overcast clouds
531,Arman,RU,59.7,150.1667,54.81,99,100,7.25,2021-07-26 01:23:14,moderate rain
532,Mayumba,GA,-3.432,10.6554,69.55,95,52,0.67,2021-07-26 01:26:55,broken clouds
533,Bulungu,CD,-4.55,18.6,70.79,37,60,2.08,2021-07-26 01:26:55,broken clouds
534,Namatanai,PG,-3.6667,152.4333,84.2,68,96,2.37,2021-07-26 01:26:56,light rain
535,Santo Tomas,PH,14.1079,121.1414,87.55,72,87,12.71,2021-07-26 01:26:56,overcast clouds
536,Nhulunbuy,AU,-12.2333,136.7667,83.01,57,0,16.11,2021-07-26 01:26:56,clear sky
537,Concepcion,CL,-36.827,-73.0498,48.0,93,20,9.22,2021-07-26 01:26:56,few clouds
538,Challans,FR,46.8436,-1.8749,64.31,92,68,7.74,2021-07-26 01:26:57,broken clouds
539,Mapimi,MX,25.8167,-103.85,92.17,19,46,11.77,2021-07-26 01:26:57,scattered clouds
540,Clinton,US,42.587,-82.9199,84.22,59,75,0.0,2021-07-26 01:23:01,broken clouds
541,Kaliua,TZ,-5.0606,31.7936,58.89,62,7,8.55,2021-07-26 01:26:57,clear sky
542,Avera,US,33.194,-82.5271,85.53,71,79,5.53,2021-07-26 01:22:38,broken clouds
543,Mechetinskaya,RU,46.7713,40.456,72.68,53,97,9.24,2021-07-26 01:26:58,overcast clouds
544,Marti,CU,22.9475,-80.9203,75.85,81,36,6.4,2021-07-26 01:26:58,scattered clouds
545,Coihueco,CL,-36.6167,-71.8333,45.34,95,90,11.5,2021-07-26 01:26:58,overcast clouds
546,Saint-Pierre,RE,-21.3393,55.4781,67.64,72,0,6.91,2021-07-26 01:26:58,clear sky
547,Mabai,CN,23.0128,104.4508,65.28,85,100,2.04,2021-07-26 01:26:59,overcast clouds
548,Shingu,JP,33.7333,135.9833,86.99,62,0,4.27,2021-07-26 01:22:30,clear sky
549,Sinjar,IQ,36.3209,41.8754,89.24,25,0,9.84,2021-07-26 01:26:59,clear sky
550,Suhbaatar,MN,50.2314,106.2078,69.73,56,2,4.94,2021-07-26 01:26:59,clear sky
551,Aksha,RU,50.2814,113.2867,59.9,76,98,4.94,2021-07-26 01:27:00,overcast clouds
552,San Lorenzo,PY,-25.3333,-57.5333,74.59,60,0,5.01,2021-07-26 01:27:00,clear sky
553,Katsuura,JP,35.1333,140.3,84.31,67,89,19.48,2021-07-26 01:27:00,overcast clouds
554,Kazachinskoye,RU,57.6953,93.2761,72.59,58,52,6.55,2021-07-26 01:27:00,broken clouds
555,Djambala,CG,-2.5447,14.7533,66.79,72,8,4.14,2021-07-26 01:27:01,clear sky
556,Shaunavon,CA,49.6501,-108.4181,83.98,18,25,8.63,2021-07-26 01:22:22,scattered clouds
557,Bulgan,MN,48.8125,103.5347,63.16,65,98,2.26,2021-07-26 01:27:01,overcast clouds
558,Russell,US,32.3502,-85.1999,83.91,90,1,0.0,2021-07-26 01:27:01,clear sky
559,Mardin,TR,37.3131,40.7436,76.26,30,0,1.14,2021-07-26 01:27:02,clear sky
560,Shubarkuduk,KZ,49.1447,56.4872,66.6,46,0,7.36,2021-07-26 01:27:02,clear sky
561,Masindi,UG,1.6744,31.715,66.99,58,100,2.82,2021-07-26 01:27:02,overcast clouds
562,Vila,PT,42.0304,-8.1588,54.73,91,0,3.44,2021-07-26 01:27:02,clear sky
563,Humaita,BR,-7.5061,-63.0208,78.26,48,12,1.12,2021-07-26 01:27:03,few clouds
564,Saint Anthony,US,45.0205,-93.218,87.42,40,1,1.01,2021-07-26 01:27:03,clear sky
565,Thinadhoo,MV,0.5333,72.9333,81.93,69,99,2.01,2021-07-26 01:27:03,overcast clouds
566,Nardaran,AZ,40.5561,50.0056,80.24,69,20,27.63,2021-07-26 01:27:03,few clouds
567,Nichinan,JP,31.6,131.3667,85.68,82,100,9.04,2021-07-26 01:27:04,overcast clouds
568,Shache,CN,38.4167,77.2406,85.59,26,0,5.88,2021-07-26 01:27:04,clear sky
569,Tongliao,CN,43.6125,122.2653,84.45,52,100,20.22,2021-07-26 01:27:04,overcast clouds
570,Zhangjiakou,CN,40.81,114.8794,74.35,81,100,6.55,2021-07-26 01:27:05,overcast clouds
571,Fort Nelson,CA,58.8053,-122.7002,74.79,35,40,3.44,2021-07-26 01:27:05,scattered clouds
572,Nicolas Bravo,MX,18.45,-88.9167,78.96,76,24,4.09,2021-07-26 01:27:05,few clouds
573,Sinnar,SD,13.5691,33.5672,73.74,87,95,17.0,2021-07-26 01:27:05,overcast clouds
574,Karla,EE,59.3723,24.9275,55.36,94,0,2.3,2021-07-26 01:27:06,clear sky
575,Teofilo Otoni,BR,-17.8575,-41.5053,60.8,97,49,2.77,2021-07-26 01:27:06,scattered clouds
576,Xuddur,SO,4.1213,43.8894,66.99,83,34,18.41,2021-07-26 01:27:06,scattered clouds
577,Pontecagnano,IT,40.6425,14.8735,82.2,43,25,2.17,2021-07-26 01:27:06,scattered clouds
578,Taubate,BR,-23.0264,-45.5553,61.9,52,0,2.06,2021-07-26 01:25:58,clear sky
579,Dukat,RU,62.55,155.55,54.79,96,100,2.75,2021-07-26 01:27:07,light rain
580,Flinders,AU,-34.5833,150.8552,63.05,58,48,8.99,2021-07-26 01:27:07,scattered clouds
581,Abu Samrah,SY,35.3029,37.1841,78.33,55,0,5.5,2021-07-26 01:27:07,clear sky
582,Eureka,US,40.8021,-124.1637,57.25,85,100,1.99,2021-07-26 01:27:07,overcast clouds
583,Rio Rancho,US,35.2334,-106.6645,80.98,49,75,1.01,2021-07-26 01:26:00,broken clouds
584,Sangod,IN,24.9167,76.2833,80.1,86,100,12.62,2021-07-26 01:27:08,overcast clouds
585,Muravlenko,RU,63.7898,74.523,50.97,78,100,15.23,2021-07-26 01:27:08,overcast clouds
586,Anadyr,RU,64.75,177.4833,54.1,93,75,13.0,2021-07-26 01:27:08,broken clouds
587,Vila Velha,BR,-20.3297,-40.2925,66.15,88,40,2.3,2021-07-26 01:25:32,scattered clouds
588,Harnosand,SE,62.6323,17.9379,59.02,76,12,2.35,2021-07-26 01:27:09,few clouds
589,Bambanglipuro,ID,-7.95,110.2833,75.16,75,8,3.02,2021-07-26 01:27:09,clear sky
590,Nauta,PE,-4.5061,-73.5757,71.91,98,98,2.86,2021-07-26 01:27:09,overcast clouds
591,Fougamou,GA,-1.2154,10.5838,70.23,90,61,1.63,2021-07-26 01:27:09,broken clouds
592,Geraldton,AU,-28.7667,114.6,56.12,87,75,16.11,2021-07-26 01:27:10,broken clouds
593,Morant Bay,JM,17.8815,-76.4093,82.02,84,40,5.12,2021-07-26 01:27:10,scattered clouds
594,Oskaloosa,US,41.2964,-92.6444,82.98,88,1,0.0,2021-07-26 01:27:10,clear sky
595,Jiexiu,CN,37.0244,111.9125,80.44,62,100,4.07,2021-07-26 01:27:11,overcast clouds
596,San Anselmo,US,37.9747,-122.5616,91.2,72,1,1.01,2021-07-26 01:27:11,clear sky
597,Manama,BH,26.2154,50.5832,96.35,61,0,3.44,2021-07-26 01:27:11,clear sky
598,Salantai,LT,56.0667,21.5667,63.9,66,86,8.95,2021-07-26 01:27:11,overcast clouds
599,Nakamura,JP,32.9833,132.9333,81.66,74,65,5.82,2021-07-26 01:27:11,broken clouds
600,Pahrump,US,36.2083,-115.9839,98.24,29,100,9.93,2021-07-26 01:27:12,overcast clouds
601,Bressanone,IT,46.715,11.656,68.16,94,99,3.11,2021-07-26 01:27:12,overcast clouds
602,Bolobo,CD,-2.1667,16.2333,70.99,64,16,3.38,2021-07-26 01:27:12,few clouds
603,Hammerfest,NO,70.6634,23.6821,45.05,87,75,5.75,2021-07-26 01:27:13,drizzle
604,Along,IN,28.1667,94.7667,77.79,98,100,0.49,2021-07-26 01:27:13,light rain
605,Katherine,AU,-14.4667,132.2667,80.92,47,100,12.66,2021-07-26 01:27:13,overcast clouds
606,Vakhrushev,RU,48.9833,142.9667,74.39,73,15,11.18,2021-07-26 01:27:13,few clouds
607,Sawtell,AU,-30.3833,153.1,66.22,46,0,1.14,2021-07-26 01:27:14,clear sky
608,Kamloops,CA,50.6665,-120.3192,86.76,33,75,3.0,2021-07-26 01:25:38,smoke
609,Angadanan,PH,16.7553,121.7483,84.24,72,100,2.21,2021-07-26 01:27:14,overcast clouds
610,Belluru,IN,12.9911,76.7444,69.87,87,77,11.3,2021-07-26 01:27:14,broken clouds
611,Bhind,IN,26.5642,78.7883,84.49,73,100,8.16,2021-07-26 01:27:14,overcast clouds
612,Mahon,ES,39.8885,4.2658,70.36,83,0,4.61,2021-07-26 01:27:15,clear sky
613,Auch,FR,43.65,0.5833,67.91,90,100,5.55,2021-07-26 01:27:15,overcast clouds
614,Pathein,MM,16.7833,94.7333,79.66,89,100,14.67,2021-07-26 01:22:51,overcast clouds
615,Kyaikkami,MM,16.08,97.5675,79.16,88,100,18.7,2021-07-26 01:27:15,heavy intensity rain
616,Rio Gallegos,AR,-51.6226,-69.2181,33.85,80,0,19.57,2021-07-26 01:25:24,clear sky
617,Opuwo,NA,-18.0607,13.84,57.36,44,0,8.55,2021-07-26 01:27:16,clear sky
618,Bay Roberts,CA,47.5999,-53.2648,57.33,90,9,1.01,2021-07-26 01:27:16,clear sky
619,Iralaya,HN,15.0,-83.2333,79.07,80,100,7.85,2021-07-26 01:26:57,overcast clouds
620,Taltal,CL,-25.4,-70.4833,56.64,81,0,5.46,2021-07-26 01:27:16,clear sky
621,Oksfjord,NO,70.2396,22.3479,51.87,99,100,4.03,2021-07-26 01:27:17,light rain
622,Peruibe,BR,-24.32,-46.9983,63.18,57,0,5.39,2021-07-26 01:27:17,clear sky
623,Chara,RU,56.9064,118.2631,66.96,53,18,5.79,2021-07-26 01:27:17,few clouds
624,Otavi,NA,-19.65,17.3333,52.7,51,0,13.0,2021-07-26 01:27:17,clear sky
625,Bontang,ID,0.1333,117.5,80.65,75,2,5.03,2021-07-26 01:27:17,clear sky
626,Sabang,ID,5.8933,95.3214,82.54,78,100,14.27,2021-07-26 01:27:18,overcast clouds
627,Margate,GB,51.3813,1.3862,64.31,93,92,1.99,2021-07-26 01:27:18,overcast clouds
628,Ucluelet,CA,48.9329,-125.5528,83.05,86,13,11.41,2021-07-26 01:23:33,few clouds
629,Malpe,IN,13.35,74.7167,76.3,92,91,7.7,2021-07-26 01:27:18,moderate rain
630,Kamaishi,JP,39.2667,141.8833,83.35,62,52,10.42,2021-07-26 01:27:19,broken clouds
631,Bongor,TD,10.2806,15.3722,74.97,86,100,4.18,2021-07-26 01:27:19,overcast clouds
632,Halifax,CA,44.6453,-63.5724,63.41,88,100,1.99,2021-07-26 01:24:03,overcast clouds
633,Abilene,US,32.4487,-99.7331,97.02,30,1,5.75,2021-07-26 01:27:06,clear sky
634,Norfolk,US,42.1668,-71.2495,73.31,93,1,0.0,2021-07-26 01:27:19,mist
635,Poum,NC,-20.2333,164.0167,73.18,71,21,19.75,2021-07-26 01:27:19,few clouds
636,Beyneu,KZ,45.3167,55.2,81.03,25,5,12.24,2021-07-26 01:25:17,clear sky
637,Aykhal,RU,66.0,111.5,77.72,47,11,13.51,2021-07-26 01:27:20,few clouds
638,Garoua Boulai,CM,5.8833,14.55,63.5,99,100,2.59,2021-07-26 01:27:20,light rain
639,Tooele,US,40.5308,-112.2983,92.97,20,1,0.0,2021-07-26 01:27:20,clear sky
640,Deputatskiy,RU,69.3,139.9,55.62,55,100,5.03,2021-07-26 01:27:20,overcast clouds
641,Mwene-Ditu,CD,-7.0,23.45,63.57,44,10,5.91,2021-07-26 01:24:39,clear sky
642,Olbia,IT,40.9214,9.4856,80.65,78,75,8.05,2021-07-26 01:27:21,broken clouds
643,Diamantino,BR,-14.4086,-56.4461,74.93,43,6,5.21,2021-07-26 01:27:21,clear sky
644,El Sauzal,MX,31.9,-116.6833,66.42,89,99,4.25,2021-07-26 01:27:21,overcast clouds
645,Ilulissat,GL,69.2167,-51.1,50.02,43,40,10.36,2021-07-26 01:27:21,scattered clouds
646,Smoky Lake,CA,54.1169,-112.4686,72.18,46,97,6.91,2021-07-26 01:27:22,overcast clouds
647,Matiari,PK,25.5961,68.4467,86.0,73,100,23.11,2021-07-26 01:27:22,overcast clouds
648,Christchurch,NZ,-43.5333,172.6333,53.91,82,100,7.0,2021-07-26 01:23:19,overcast clouds
649,Country Club Hills,US,41.5681,-87.7203,84.9,64,1,4.61,2021-07-26 01:27:22,clear sky
650,Vestmannaeyjar,IS,63.4427,-20.2734,50.65,78,100,17.78,2021-07-26 01:27:23,overcast clouds
651,Jepelacio,PE,-6.1167,-76.95,65.52,89,54,1.19,2021-07-26 01:27:23,broken clouds
652,Sao Joao Dos Patos,BR,-6.495,-43.7022,70.25,55,55,3.09,2021-07-26 01:22:23,broken clouds
653,Morris,US,40.8334,-74.5329,79.21,90,0,4.18,2021-07-26 01:27:23,clear sky
654,Kununurra,AU,-15.7667,128.7333,82.38,24,62,9.22,2021-07-26 01:24:15,broken clouds
655,Naumburg,DE,51.15,11.8167,66.81,80,13,3.0,2021-07-26 01:27:24,few clouds
656,Verkhnechusovskiye Gorodki,RU,58.1671,57.1086,51.55,68,100,5.1,2021-07-26 01:27:24,overcast clouds
657,Bichura,RU,50.5881,107.6022,68.25,60,13,4.43,2021-07-26 01:27:24,few clouds
658,Nago,JP,26.5881,127.9761,84.63,87,100,10.18,2021-07-26 01:27:24,overcast clouds
